Date,Open,High,Low,Close,Volume,Log_Return
2021-01-04,129.62252856286997,129.70989788960378,123.0598522450912,125.63249969482422,143301900,
2021-01-05,125.12767140195427,127.8944851881518,124.68109238722828,127.18578338623048,97664900,0.012287902733535
2021-01-06,123.99182776037333,127.22462614380248,122.6909387882324,122.9045181274414,155088000,-0.034241100300229706
2021-01-07,124.61313347302332,127.78768533438152,124.1277286238472,127.09840393066406,109578200,0.03355384200133441
2021-01-08,128.56433221406948,128.75850602101508,126.42855365810289,128.1954345703125,105158200,0.008594311547082656
2021-01-11,125.41891104549276,126.37030043054156,124.74904996348562,125.21503448486328,100384500,-0.023523396874985003
2021-01-12,124.7490601865624,125.90432622691372,123.1569326957828,125.0403060913086,91951100,-0.001396401144086214
2021-01-13,125.00146061142824,127.61294126201366,124.73935263924878,127.0692901611328,88636800,0.016096395440080312
2021-01-14,126.98192465387714,127.17608365097324,125.00146436870398,125.1470947265625,90221800,-0.015242726219408129
2021-01-15,125.02089191255358,126.41886047356746,123.29285155612884,123.42876434326172,111598500,-0.013825620564261228
2021-01-19,124.05008935422954,124.95295027523215,123.2346125834672,124.0986328125,90757300,0.005412492615002337
2021-01-20,124.90437114467832,128.62257382285637,124.79758149233558,128.17599487304688,104319500,0.03232760414467397
2021-01-21,129.89439187084045,135.5930423091138,129.69051523583008,132.87477111816406,120150900,0.03600283465220699
2021-01-22,132.3019459227709,135.76774369341513,131.07873102256855,135.01051330566406,114459400,0.015945537618832203
2021-01-25,138.89379933914037,140.85482495156248,132.55439615848402,138.7481689453125,157611700,0.02730790400444771
2021-01-26,139.40826822473906,140.0878320002914,137.2433520930361,138.98110961914062,98390600,0.001677466125679316
2021-01-27,139.24324321793168,140.0878578213645,136.3114082725256,137.91323852539062,140843800,-0.007713240773853959
2021-01-28,135.44740902267984,137.8453107957744,132.70971784009862,133.0883331298828,142621100,-0.035611714463593944
2021-01-29,131.8651231963266,132.7485638456348,126.40917577307292,128.10809326171875,177523800,-0.038138680481802516
2021-02-01,129.84582625364877,131.42825115687322,127.1081351803439,130.2244415283203,106239800,0.016385048953135486
2021-02-02,131.7680267032869,132.33109823624255,130.68072432979122,131.0496368408203,83305400,0.006316723507298627
2021-02-03,131.79715512438477,131.806872704572,129.70991963118382,130.03028869628906,89880900,-0.007808745326699408
2021-02-04,132.32139835278772,133.38928040334213,130.66130683037125,133.37957763671875,84183100,0.025431617293764225
2021-02-05,133.5399993993488,133.6080499269068,132.09132576396362,132.9663543701172,75693800,-0.0031029090253590344
2021-02-08,132.25660382908822,133.1608138714623,131.1773940055882,133.11219787597656,71297200,0.0010962440920838305
2021-02-09,132.83021630146237,134.05527394815869,132.08158644572234,132.2371368408203,76774200,-0.006595563605166454
2021-02-10,132.69409868188646,133.1899609934861,130.67179521713933,131.63433837890625,73046600,-0.00456888725858969
2021-02-11,132.13017580944882,132.6065887223786,130.0592713492993,131.3815460205078,64280000,-0.0019222598423391335
2021-02-12,130.62321880046613,131.7704791984505,129.98152323777,131.6149139404297,60145100,0.0017746853414380135
2021-02-16,131.7315941955358,132.23715902657875,129.1064787039169,129.49539184570312,80576300,-0.01623504398152536
2021-02-17,127.609186382545,128.55228022303262,125.87856393692216,127.21055603027344,97918500,-0.017801661181276168
2021-02-18,125.61606083959396,126.3938722513212,123.87572097237708,126.11192321777344,96856700,-0.008673842951269016
2021-02-19,126.62721014953156,127.0841737615888,125.22715268582576,126.26746368408205,87668800,0.0012325926289821307
2021-02-22,124.4590677731543,126.1216398427311,122.11592370284755,122.50482940673828,103916400,-0.03025193186366925
2021-02-23,120.32693769969762,123.19510263892172,115.1058971794824,122.36868286132812,158273000,-0.0011119745715064261
2021-02-24,121.47422557501572,122.07702231944482,118.83940058972168,121.8728485107422,111039900,-0.004060202447657555
2021-02-25,121.22143247515002,122.9520548789216,117.19627482972936,117.6337890625,148199500,-0.03540195976148763
2021-02-26,119.18942513713463,121.38673620225252,117.83798347678476,117.89632415771484,164560400,0.0022293132742572976
2021-03-01,120.31725204661986,124.38130174579383,119.38388273905603,124.24518585205078,116307900,0.052451289138798464
2021-03-02,124.84798440825688,125.1493828138184,121.54229695879664,121.64924621582033,102260900,-0.021115045693453786
2021-03-03,121.34781889971498,122.2228547486705,118.46020430704088,118.67410278320312,112966300,-0.024760768751095435
2021-03-04,118.37272563793532,120.17140622773192,115.32955269233916,116.79766082763672,178155000,-0.015938061091081646
2021-03-05,117.62408266255088,118.55745188502344,114.30867068121566,118.05187225341795,153766600,0.010681080206941014
2021-03-08,117.57546286579684,117.6435208042625,112.98639210708664,113.13223266601562,154376600,-0.042566788094353616
2021-03-09,115.72817134912674,118.674119610189,115.4948308955723,117.73102569580078,129525800,0.03984524417878523
2021-03-10,118.31438187621302,118.7810627593394,116.13651302909358,116.65181732177734,111943300,-0.009209001708809438
2021-03-11,119.14080190524842,119.79221465640563,117.89630965893046,118.57688903808594,103026500,0.016368025187900176
2021-03-12,117.06014710961324,117.80878431201305,115.85454635787848,117.67266845703124,88105100,-0.0076548291220310954
2021-03-15,118.04214884674406,120.56029993815385,117.0796056274192,120.55057525634766,92403800,0.024162602865970682
2021-03-16,122.21313740579694,123.69097746560344,121.26032630464678,122.08674621582033,115227900,0.012662450076514557
2021-03-17,120.6089207727318,122.36870994462072,118.94634875177348,121.29922485351562,111932600,-0.006471401019776987
2021-03-18,119.47137236768086,119.7630534964986,116.98238776140391,117.18656158447266,121229700,-0.034493217283908854
2021-03-19,116.57404490821732,118.06160240727854,116.3601463939911,116.66154479980467,185549500,-0.004490245184486084
2021-03-22,116.99210188442348,120.43390477213391,116.92404394954326,119.96721649169922,111912300,0.02794154641905968
2021-03-23,119.9089255406713,120.793679006244,118.75193282177662,119.14083862304688,95467100,-0.006912198407620798
2021-03-24,119.41304074611716,119.49082337056949,116.739324227083,116.7587661743164,88530500,-0.020196332411999626
2021-03-25,116.22401924724316,118.2852141454854,115.6989976953015,117.24488830566406,98844700,0.0041548311007330455
2021-03-26,117.0115497729694,118.11020888610057,115.6212169602904,117.84769439697266,94071200,0.005128255476868872
2021-03-29,118.2754719555508,119.1796743693097,117.3809942221732,118.0226821899414,80819200,0.001483762629327043
2021-03-30,116.77821710252674,117.06017355662124,115.56289139578809,116.57404327392578,85671900,-0.012350192238873134
2021-03-31,118.27549692418452,120.0936193981419,117.78936665110342,118.76162719726562,118323800,0.018591715658517794
2021-04-01,120.22973871260608,120.7353109160336,119.09218827381586,119.58804321289062,75089100,0.006934512020824579
2021-04-05,120.43390523654205,122.66038256872103,119.65609390540438,122.4075927734375,88651200,0.023303537234498555
2021-04-06,122.9909331346221,123.60345447904996,122.16451332833626,122.70897674560548,80171300,0.002459108534662823
2021-04-07,122.33954050731288,124.37156139198876,121.66867838856396,124.35211944580078,83466700,0.013301705148710057
2021-04-08,125.37300543377472,126.7730631164712,124.9549404833828,126.743896484375,88844600,0.01905127304203521
2021-04-09,126.19942288071834,129.34953758105655,125.87857511762488,129.31065368652344,106686700,0.020049190141819554
2021-04-12,128.84396428623276,129.16481202818863,127.0063925535893,127.59947204589844,91420000,-0.013321444153443647
2021-04-13,128.7661996194506,130.9246193949784,128.27033720569543,130.70098876953125,91266500,0.02401595245462515
2021-04-14,131.19683535032675,131.25516860713591,128.00782207026887,128.3675537109375,87222800,-0.018014523418136058
2021-04-15,130.10791292088626,131.2551732400093,129.93289830876327,130.76904296875,89347100,0.01853507409312594
2021-04-16,130.57457716887737,130.9343087763494,129.5828673880838,130.43846130371094,84922400,-0.0025311818085747735
2021-04-19,129.80648595127033,131.71212294052938,129.64120345679902,131.09959411621094,94264200,0.005055740126833828
2021-04-20,131.27462375202614,131.7704712922572,128.15366085563892,129.4176025390625,94812300,-0.012912889976813845
2021-04-21,128.68837675651753,130.03981801008018,127.657783189335,129.7967529296875,68847100,0.0029253832052051018
2021-04-22,129.349506750087,130.4287163012516,127.76473251290152,128.280029296875,84566500,-0.011754184799888429
2021-04-23,128.49393862388337,131.37182111341806,128.49393862388337,130.59402465820312,78657500,0.017877859588476357
2021-04-26,131.08988992627178,131.3135056957382,129.85511489088012,130.98294067382812,66905100,0.002973628061726389
2021-04-27,131.26487557787047,131.6537886519638,130.38984712331498,130.66207885742188,66015800,-0.002452651136462401
2021-04-28,130.5842881537486,131.27459954530588,129.3884120504617,129.87454223632812,107760100,-0.006045514955837416
2021-04-29,132.6844395535295,133.26780199847386,128.7759467776581,129.77737426757812,151101000,-0.0007484479575135599
2021-04-30,128.1244700954483,129.8550923634748,127.43417354212586,127.8133544921875,109839500,-0.015249445079346774
2021-05-03,128.37728825955,130.35099100560777,128.17312183322954,128.86341857910156,75135100,0.008182041035169963
2021-05-04,127.55085891033158,127.84254003096058,123.18540387178189,124.30350494384766,137564700,-0.03602687718772799
2021-05-05,125.6160551149203,126.83138075425876,124.4201788397563,124.54657745361328,84000900,0.0019535664584028303
2021-05-06,124.34239490228468,126.15080002789722,123.60347484441658,126.14108276367188,78128300,0.012721222989491066
2021-05-07,127.43637521223602,127.83566778817108,126.10210583375782,126.81307220458984,78973300,0.005313144761975695
2021-05-10,126.03395306208488,126.16055151436144,123.50177596650867,123.54073333740234,88071200,-0.026143203503323637
2021-05-11,120.2781205077101,122.9758532205902,119.56716154628263,122.62525177001952,126142800,-0.0074379552283952806
2021-05-12,120.18073081693387,121.38837950118456,119.06073063774645,119.5671615600586,112172300,-0.025254736134053254
2021-05-13,121.32993755400425,122.85897882975532,121.01828606564597,121.7097625732422,105861300,0.01776098020678978
2021-05-14,122.95639247198734,124.55360758966998,122.5668261780835,124.12508392333984,81918000,0.019650583358114173
2021-05-17,123.51151514879044,123.61864605940792,121.9045589198871,122.97586059570312,74244600,-0.009301717692328286
2021-05-18,123.25830711587348,123.6770895961018,121.524744849464,121.5929183959961,63342900,-0.011309349831133636
2021-05-19,119.9470038617378,121.66108360866002,119.65482729355216,121.43708801269533,92612000,-0.001282396416469599
2021-05-20,121.962970100697,124.38800824546288,121.83635681945152,123.98870086669922,76857100,0.020794104865690777
2021-05-21,124.48543261389996,124.66073707262268,121.9435216775998,122.15778350830078,79295400,-0.014876922833769535
2021-05-24,122.72264972174192,124.60230012567476,122.65447618088876,123.78421020507812,63092900,0.013226292769604815
2021-05-25,124.48543668582128,124.97240013629872,123.02456862546644,123.58943939208984,72009500,-0.0015747097845982912
2021-05-26,123.6478642497702,124.06664669892854,123.12195088824402,123.54073333740234,56575900,-0.00039417327945172846
2021-05-27,123.1414296640058,124.31012103497812,121.816908814046,122.01168823242188,94625600,-0.012454080954189345
2021-05-28,122.29410821284534,122.51811120313376,121.30072141546492,121.3591537475586,71311100,-0.005362483387543562
2021-06-01,121.81692100329542,122.07987398745033,120.7066618606694,121.03778839111328,67637100,-0.0026515643464613313
2021-06-02,121.037759031701,121.97271348131764,120.81376347552442,121.7974090576172,59278900,0.006256285350579236
2021-06-03,121.4273366140028,121.59289985456871,119.91777018909228,120.31707763671876,76229200,-0.012228511296681892
2021-06-04,120.83326200560104,122.86874195718396,120.61900017592296,122.60578155517578,75169300,0.018843608614861587
2021-06-07,122.87846962118002,123.0245579005518,121.57343116760482,122.61551666259766,71057600,7.939854733442224e-05
2021-06-08,123.29725429760116,125.10873859219603,122.91742922255408,123.43360137939452,74403800,0.006649792024688925
2021-06-09,123.89134552998598,124.41725890545642,123.2193438673806,123.8134307861328,56877900,0.0030724713029970513
2021-06-10,123.70629386140668,124.84577650141728,122.654474591921,122.82003784179688,71186400,-0.00805566512881319
2021-06-11,123.22906439931396,124.11532774368726,122.81028200929232,124.02767181396484,53522400,0.009784523489653562
2021-06-14,124.48543247038134,127.134466888619,123.75499846493857,127.07603454589844,96906500,0.024280904024080424
2021-06-15,126.5501187512876,127.19290419262148,126.01446421684268,126.25794219970705,62746300,-0.006458629833371403
2021-06-16,126.96889285474992,127.47533121654288,125.10873237290744,126.75463104248048,91815000,0.003926203938799976
2021-06-17,126.41376207268152,129.09201968074376,126.26766637763058,128.35183715820312,96721700,0.012522042246116296
2021-06-18,127.3000499717587,128.07916771937423,126.8423101216394,127.05657196044922,108953300,-0.010142785090927245
2021-06-21,126.90071755171388,128.95567215813708,125.8391571973974,128.84854125976562,79663300,0.014005180022905699
2021-06-22,128.6830127117991,130.58213836687776,128.18630802151114,130.4847412109375,74783600,0.012618678533495417
2021-06-23,130.28020184164183,130.81585637036997,129.75428108226637,130.21202087402344,60214200,-0.0020922426056892095
2021-06-24,130.94247320751583,131.12751887622477,129.46212271856308,129.9296112060547,68711000,-0.0021712001777887606
2021-06-25,129.97831108103458,130.3970861369589,129.34525932066123,129.63743591308594,70783700,-0.00225125199527582
2021-06-28,129.9296003283306,131.72159479819973,129.87116798746578,131.26385498046875,62111300,0.01246785809545624
2021-06-29,131.2832928355185,132.92920589475403,130.84503556701915,132.77337646484375,64556100,0.011434280860030517
2021-06-30,132.617624951501,133.82528145176917,132.32544831393534,133.38702392578125,63261400,0.004611118313156971
2021-07-01,133.03632381752027,133.7472750887867,132.21822682049915,133.6888427734375,52485800,0.0022601740836443026
2021-07-02,134.30244482687868,136.3476657575281,134.15636398642496,136.3087158203125,78852600,0.01940725160179546
2021-07-06,136.4158466947496,139.41548226335163,136.4158466947496,138.31497192382812,108181800,0.014611207156950407
2021-07-07,139.7953189039971,141.11010601971827,138.93828646790567,140.7984619140625,104911600,0.017796030086456534
2021-07-08,137.88643093809648,140.30172797997776,137.00016765595169,139.5031280517578,105575500,-0.009242495438356124
2021-07-09,139.02592340594762,141.8502619651795,138.92852627188464,141.32435607910156,99890800,0.01297062191811783
2021-07-12,142.39568172270836,142.50281263838897,140.24332963884083,140.73028564453125,76299700,-0.004212455497349897
2021-07-13,140.2725165312551,143.61304176059716,139.8829577523025,141.84051513671875,100827100,0.00785810283403414
2021-07-14,144.23637643322533,145.66802829472786,143.82732030646622,145.25897216796875,127050800,0.023814870768963558
2021-07-15,145.3466279214185,146.08679566961968,143.25270826705687,144.6064453125,106820300,-0.004502282220462515
2021-07-16,144.58698895603396,145.85306272785598,142.07429409288326,142.57098388671875,93251400,-0.014175873903160701
2021-07-19,139.9998686480134,140.31152766267098,137.9741296348984,138.73377990722656,121434600,-0.027283163996771095
2021-07-20,139.717408691922,143.26244743833868,139.23045273850917,142.33721923828125,96350000,0.02564218140426796
2021-07-21,141.7334095777614,142.31776271135624,140.85689473808662,141.60679626464844,74993500,-0.005144849300646134
2021-07-22,142.13272618480354,144.33376205602218,142.00611286355945,142.9702911376953,77338200,0.009582678067039782
2021-07-23,143.7007109713398,144.84018616778306,143.0871416883638,144.68435668945312,71447400,0.011917664825905795
2021-07-26,144.40193160847764,145.92123190033908,143.84679465375743,145.1031494140625,72434100,0.002890345562466477
2021-07-27,145.22978588093153,145.31744927511497,141.75292697377066,142.94110107421875,104818600,-0.015012199968592566
2021-07-28,141.03220589476328,143.13585955365372,138.82142131266863,141.19776916503906,118931200,-0.012271138994045578
2021-07-29,140.91530189117023,142.72677844865797,140.80817099785102,141.84051513671875,56699500,0.0045417677550352135
2021-07-30,140.61343902803458,142.51256472212955,140.35047859016916,142.05482482910156,70440600,0.0015097798584320866
2021-08-02,142.5417457565108,143.11635020883497,141.4607029570404,141.72366333007812,62880000,-0.002333944701020569
2021-08-03,142.00610422671278,144.17792379335657,141.3925349204239,143.5156707763672,64786600,0.01256510452152027
2021-08-04,143.4280530784273,143.93447671996634,142.46387465578823,143.11639404296875,56368300,-0.0027859897105850214
2021-08-05,143.14555023960324,143.9831149705437,142.35668407013773,143.2234649658203,46397700,0.0007478590526134821
2021-08-06,142.74556017853746,143.48683682415765,142.04329182669468,142.5407257080078,54126800,-0.004778349276462659
2021-08-09,142.59923476284288,143.08692025442784,141.9359896381178,142.491943359375,48908700,-0.00034229303797862217
2021-08-10,142.83336158468475,144.0720871817776,141.7214390067462,142.01405334472656,69023100,-0.0033594403607214367
2021-08-11,142.4529773420197,143.1064743087136,141.9457801130242,142.2676544189453,48493500,0.0017841537782063094
2021-08-12,142.58950812317931,145.37907015513477,142.24812227389452,145.22300720214844,72282600,0.02056036794504482
2021-08-13,145.30103817728678,145.75946379823836,144.6182813640554,145.42784118652344,59375000,0.001409485087841099
2021-08-16,144.88161214330344,147.46635440777192,142.8626017681946,147.3980712890625,103296000,0.01345686806036376
2021-08-17,146.52999034959836,147.9442754116722,145.41806793520456,146.49098205566406,92229700,-0.006173024163725122
2021-08-18,146.11062014748856,147.00795993561067,142.5505060596621,142.75534057617188,86326000,-0.02583161069986697
2021-08-19,141.45809163231115,144.35494544436725,140.94114605885855,143.0869598388672,86960300,0.0023202962682154996
2021-08-20,143.80867878045353,144.8425694877767,143.16493045525985,144.5402069091797,60549600,0.010105161158191822
2021-08-23,144.65729855503196,146.4910011515847,144.24764444190524,146.0228271484375,60131800,0.010205242463676597
2021-08-24,145.7692320065187,147.14450905669656,145.47661765156835,145.93504333496094,48606400,-0.0006013457762008698
2021-08-25,146.1203860071499,146.6178349427017,144.15989486505342,144.7061004638672,58991300,-0.008456821902776612
2021-08-26,144.69632845972228,145.4473535938561,143.8770053124194,143.90626525878906,48597200,-0.0055426402171635854
2021-08-27,143.847714105832,145.08643947056316,143.21372889495123,144.9401397705078,55802400,0.007158676091721725
2021-08-30,145.33029180641267,149.70971334019745,144.9498976782118,149.34881591796875,90956700,0.02996378838055131
2021-08-31,148.90016654739884,149.03671791602926,147.5638979226051,148.09060668945312,86453100,-0.008460322591985142
2021-09-01,149.06597111930256,151.1630130890743,148.58803390921838,148.75384521484375,80313700,0.004468600472644566
2021-09-02,150.08035127222993,150.90942268736845,148.64655451799135,149.8657684326172,71115500,0.007447122063357064
2021-09-03,149.97306236375573,150.82164538297303,149.3195654805312,150.49977111816406,57808700,0.004221547039423192
2021-09-07,151.1532776856572,153.3868712092461,150.58756059759483,152.83091735839844,82278300,0.015370631619440883
2021-09-08,153.11379568242873,153.17231558418686,150.18768153063235,151.28985595703125,74420200,-0.010134622339795294
2021-09-09,151.6604770125975,152.2652024090621,150.15839699282031,150.27545166015625,57305700,-0.006727618179649748
2021-09-10,151.18254333907822,151.6507173705701,145.03770150418336,145.30105590820312,140893200,-0.03366211683821673
2021-09-13,146.92017826380882,147.69071501388157,145.08647552487224,145.8667755126953,102404300,0.0038858710015788863
2021-09-14,146.64704249063803,147.34931083330153,143.29176371635268,144.47195434570312,109296300,-0.009608307499523074
2021-09-15,144.9011324843855,145.75946384011283,142.76506733146184,145.35955810546875,83281300,0.0061249829403242665
2021-09-16,144.78410203525485,145.30104757606733,143.59414799108714,145.12547302246094,68034100,-0.0016116846556194085
2021-09-17,145.1547725078231,145.1547725078231,142.17012365338147,142.46273803710938,129868800,-0.018518221370755435
2021-09-20,140.2583908056045,141.27277037212733,137.79070269716544,139.41957092285156,123478900,-0.021592595589277105
2021-09-21,140.38516176883357,141.03867353306788,139.2634909051742,139.89747619628906,75834000,0.0034219589868543835
2021-09-22,140.89234513594866,142.82357564689215,140.16081684875996,142.25787353515625,76404300,0.01673158000461601
2021-09-23,143.03818581433492,143.45760318499043,142.05306622379317,143.21376037597656,64838200,0.0066969204628029725
2021-09-24,142.0725514999574,143.8379707289355,141.97500844122595,143.301513671875,53477900,0.0006125558152806061
2021-09-27,141.8872464401241,142.36518367517027,140.2778899497781,141.78970336914062,74150700,-0.010605900032596802
2021-09-28,139.7219107001194,141.18496735666514,138.2003341585889,138.4149169921875,108972300,-0.024089178592702938
2021-09-29,138.961106448078,140.89233684538155,138.53194083023718,139.31224060058594,74602000,0.006461930036668721
2021-09-30,140.12181985738948,140.82408826037346,137.80043180958225,138.0150146484375,89056700,-0.009355268108672892
2021-10-01,138.40515987182454,139.40004260947205,135.68388091891475,139.13668823242188,94639600,0.008094337480139368
2021-10-04,138.26860229461653,138.7075311976416,134.86456666800945,135.713134765625,98322000,-0.024913463690159184
2021-10-05,136.05454682483122,138.73681787676418,135.9277437943665,137.6346435546875,80861100,0.014059309001051967
2021-10-06,136.0350430050937,138.64903107214994,134.962128569818,138.5027313232422,83221100,0.006287382348350869
2021-10-07,139.53659409609236,140.66802820004892,139.20497147758243,139.76092529296875,61732700,0.009043240210577915
2021-10-08,140.48269778280476,140.62899749402928,139.04890108087716,139.38052368164062,58773200,-0.002725513163361671
2021-10-11,138.76604603984862,141.24348200456123,138.31736879996546,139.29273986816406,64452200,-0.0006300124759865439
2021-10-12,139.70242001460875,139.72193160685052,137.56635459515326,138.0247802734375,73035900,-0.009144524513835019
2021-10-13,137.7614036307742,137.91745167770748,135.7716384818284,137.4395294189453,78762700,-0.004249201907420492
2021-10-14,138.60998871817293,140.3363997461316,138.024760100328,140.21934509277344,69907100,0.020023912870272286
2021-10-15,140.22914177699147,141.3313012712168,139.9755357033759,141.2727813720703,67940300,0.00748469387311232
2021-10-18,139.91698682828363,143.22349439217342,139.63413574665708,142.94064331054688,85589200,0.011736821273475102
2021-10-19,143.38930715549284,145.4961124077629,142.94064476173952,145.09620666503906,76378900,0.014967554302025916
2021-10-20,145.03767215675973,146.06181473584434,144.4719551618084,145.58387756347656,58418800,0.0033553819641425307
2021-10-21,145.14499547046705,145.95455540585698,144.22814410067642,145.79849243164062,61421000,0.001473080934694939
2021-10-22,146.0033099939033,146.481232332848,144.97916730862042,145.02793884277344,58883400,-0.005299074011925478
2021-10-25,145.0181647887637,145.69117321411855,143.98427382696465,144.97915649414062,50720600,-0.000336421762620946
2021-10-26,145.65218915043056,147.1249943659197,145.34006320959406,145.64244079589844,60893400,0.004564598499221218
2021-10-27,145.68139374679356,146.04227620616098,144.83282585239843,145.1839599609375,56094900,-0.0031529545707376628
2021-10-28,146.13013733509126,149.39762230558532,146.03259425054543,148.81240844726562,100077900,0.024684881324814736
2021-10-29,143.59413644564216,146.2471470636249,142.804088225394,146.110595703125,124953200,-0.018322669262527146
2021-11-01,145.3205960120928,146.01310139910805,144.15990161874348,145.2913360595703,74588300,-0.0056228989090198345
2021-11-02,144.99864449006242,147.8369774382172,144.98888125575905,146.3251495361328,69122000,0.007090256268697267
2021-11-03,146.68608830895576,148.2271767394299,146.1301344105293,147.75900268554688,54511500,0.009751389189837726
2021-11-04,147.84676026074618,148.6758168059769,146.92990900121129,147.24203491210938,60394600,-0.0035048575208489344
2021-11-05,148.36534609443586,148.66815006608644,146.57781000839395,147.76950073242188,65463900,0.003575903438640274
2021-11-08,147.89651258756408,148.0528033415094,146.6755190186912,146.9490203857422,55020900,-0.005567905696917302
2021-11-09,146.7145337755314,147.91598686060686,146.57778313905698,147.3103790283203,56787900,0.0024560562887505836
2021-11-10,146.53871644786318,146.64616444006643,144.41907415140022,144.48744201660156,65187100,-0.019349185505037628
2021-11-11,145.50333134171993,145.96241109507744,144.25302053135974,144.43861389160156,41000000,-0.00033799738352684297
2021-11-12,144.9856178095641,146.90990439693277,144.05766590459464,146.50942993164062,63804000,0.01423519458677809
2021-11-15,146.8805742099881,148.3555433437228,145.96238505765794,146.5191650390625,59222800,6.644476063107179e-05
2021-11-16,146.46058703081326,147.97462166575806,145.87450429964008,147.49598693847656,59256200,0.006644728932703519
2021-11-17,147.4959684847215,151.4031464578267,147.4862059054811,149.92819213867188,88807000,0.016355492185192576
2021-11-18,150.14308917571017,154.9879815498081,149.49840122848465,154.20654296875,137827700,0.028136431534810245
2021-11-19,153.99168810581827,157.2834965855034,152.897682743032,156.82440185546875,117305600,0.01683382795339567
2021-11-22,157.92813559947206,161.85485386154411,157.26392246010866,157.28346252441406,117467900,0.0029229513032991523
2021-11-23,157.38116514595987,158.04539332554327,155.36897034832776,157.66444396972656,96041900,0.0024193310911779405
2021-11-24,157.0197711747025,158.37751541168896,155.9355283016625,158.18215942382812,69463600,0.0032782744040929885
2021-11-26,155.86712045424656,156.72668956141257,152.73160325073675,153.17115783691406,76959800,-0.03219130187459883
2021-11-29,155.6717241177042,157.44949714116228,155.10518155763626,156.52154541015625,88748200,0.02163769604659801
2021-11-30,156.27737994661885,161.67905311784355,156.20899716750552,161.4641571044922,174048100,0.0310895097405188
2021-12-01,163.59356203535145,166.34813007275002,160.71202083002768,160.9464569091797,152052500,-0.0032114367067623533
2021-12-02,155.0563862894109,160.38967666927002,154.13819694441963,159.9598846435547,136739200,-0.006148681070422354
2021-12-03,160.2138776845153,161.13206712633752,156.0136573148525,158.08445739746094,118023100,-0.011793632118935206
2021-12-06,160.47759138079394,163.98429560873123,160.4678287996897,161.48370361328125,107497000,0.02127480045065517
2021-12-07,165.15644279486372,167.598429443289,164.4336093812365,167.20770263671875,120405400,0.03483253683890806
2021-12-08,168.1356556285786,171.87678065417452,166.73883163036436,171.01719665527344,116998900,0.022527348690919834
2021-12-09,170.85113086564078,172.64842918211983,169.88409893762693,170.50924682617188,108923700,-0.0029745878442630916
2021-12-10,171.14419733842757,175.46162790674452,170.63625994665398,175.28579711914062,115402700,0.02762823938025136
2021-12-13,176.91704079075097,177.9036129181879,171.45676231906222,171.66189575195312,153237000,-0.02089094834458728
2021-12-14,171.18327152968024,173.6154957034132,168.21382219359762,170.2846221923828,139380400,-0.008055534623582477
2021-12-15,171.04648048892548,175.33460762233094,168.31145298797125,175.13925170898438,131063300,0.02811009630466382
2021-12-16,175.11978425979464,176.9366233262029,166.7877251559473,168.26268005371094,150185800,-0.04005505150839085
2021-12-17,165.98672717242667,169.44458898529163,165.75230596796482,167.1686553955078,195432700,-0.006523114699810681
2021-12-20,164.374993320752,166.62162387110183,163.57402950297322,165.81088256835938,107499100,-0.008155338077808116
2021-12-21,167.57888393978646,169.1808265329912,165.1955026634982,168.9757080078125,91185900,0.018907087724499446
2021-12-22,169.02452194022183,171.7790897184107,168.15517538914062,171.56419372558594,92135300,0.015202539015455816
2021-12-23,171.76936224404878,172.7461569911751,171.2028195021509,172.1893768310547,68356600,0.0036373952058398797
2021-12-27,172.9805356564393,176.2332631531054,172.9610104976855,176.14535522460938,74919600,0.02271463692921157
2021-12-28,175.9793227997058,177.12217071968058,174.38714279522745,175.12950134277344,79144300,-0.005783828217480878
2021-12-29,175.16857977375096,176.43841575185178,174.0061917992903,175.21742248535156,62348900,0.000501909041832844
2021-12-30,175.30536819408863,176.37984846199373,173.95738656793606,174.06483459472656,59773000,-0.006599774542603899
2021-12-31,173.95733955389892,175.07088475573076,173.14659828081136,173.4494171142578,64062300,-0.0035418295554044436
2022-01-03,173.70341256103026,178.6362290402615,173.58620196027948,177.78640747070312,104487900,0.024696858866576868
2022-01-04,178.39201490568885,178.69481886787932,174.96345608354855,175.52999877929688,99310400,-0.012772910222362627
2022-01-05,175.4420853705736,175.9890879826122,170.587414831676,170.8609161376953,94537600,-0.026960091884514092
2022-01-06,168.69243553501073,171.23210762394186,167.65703557565843,168.00868225097656,96904000,-0.016834211496128734
2022-01-07,168.8780523594411,170.09904585932276,167.06121343542898,168.1747589111328,86709100,0.0009880122179251006
2022-01-10,165.15647287972192,168.49710943473272,164.26758600064684,168.19430541992188,106765600,0.00011622060934736816
2022-01-11,168.3212489833143,171.1148671703379,166.85605711502512,171.01719665527344,76138300,0.01664422572133318
2022-01-12,172.0330771442787,173.06847713761263,170.76325596284155,171.45677185058594,74805200,0.002567058971650653
2022-01-13,171.7009953087094,172.5214993949142,167.80357854217692,168.19430541992188,84505800,-0.019211284692983957
2022-01-14,167.36401309283474,169.7473947274692,167.11981439919933,169.0538787841797,80440800,0.005097582527508473
2022-01-18,167.5300055455102,168.53610260535586,165.47874620710155,165.8596954345703,90956700,-0.01907525074681042
2022-01-19,166.0550783276264,167.11001826086033,162.08929472408371,162.37255859375,94815000,-0.021248783467780797
2022-01-20,163.10517370877471,165.74251639966073,160.3701455866801,160.69248962402344,91420500,-0.01040090300463669
2022-01-21,160.60457194151562,162.470253269675,158.5337720868401,158.64122009277344,122848900,-0.01284736113388083
2022-01-24,156.30667494751387,158.53376542721094,151.11012055841888,157.86953735351562,162294600,-0.004876196149078882
2022-01-25,155.29081165334586,158.98309429431202,153.37630245676536,156.07225036621094,115798400,-0.011449935580924732
2022-01-26,159.70591419723806,160.575260779249,154.15772812433738,155.9843292236328,108275300,-0.000563494895830263
2022-01-27,158.68031157129744,160.03805574105326,154.60707906202995,155.5252685546875,121954600,-0.00294733134729618
2022-01-28,161.86465470605705,166.39698147337538,159.0221785798324,166.37744140625,179935700,0.06745073356304797
2022-01-31,166.21141009037478,170.93909344039687,165.57648451477252,170.7241973876953,115541600,0.025790422911667808
2022-02-01,169.9720531603827,170.7827946109015,168.3115050264779,170.55813598632812,86213900,-0.0009731615043243974
2022-02-02,170.69486467196293,171.79864739328102,169.30781806090394,171.7595672607422,84914300,0.007019421993774054
2022-02-03,170.4311395793071,172.15030783567607,168.125903430298,168.88780212402344,89418100,-0.016861032434501756
2022-02-04,167.90975737649003,170.27662529840396,166.93171820745542,168.6041717529297,82465400,-0.0016808129367342861
2022-02-07,169.0638570704662,170.1299162190593,167.19579861278513,167.8902130126953,77251200,-0.004243516943748501
2022-02-08,167.95865801143464,171.49916986063508,167.66524328351184,170.99058532714844,74829200,0.018298226609657974
2022-02-09,172.1838075995271,172.77062217708496,171.05905354274313,172.40875244140625,71285000,0.008259626741936086
2022-02-10,170.31571564595043,171.62628436106874,167.78259814649985,168.34007263183594,90865900,-0.023881949920041605
2022-02-11,168.545490327705,169.27901969811438,164.34969397169522,164.9365234375,98670700,-0.020425481799822343
2022-02-14,163.69441590726865,165.8558891027738,162.9022065441299,165.1712646484375,86185500,0.0014222097083247216
2022-02-15,167.21536820889426,169.15188170406051,166.51117876998032,168.99539184570312,62527400,0.022888544215123513
2022-02-16,168.07607183633297,169.53334094761482,166.3155979842074,168.7606964111328,61177400,-0.0013897334822593735
2022-02-17,167.27404295611913,168.1347222265384,164.7702649952927,165.1712646484375,69589300,-0.021498810732864165
2022-02-18,166.0906242687398,166.79479876362558,162.54033719370844,163.62596130371094,82772700,-0.00939980389642085
2022-02-22,161.35690506054718,163.02935867994262,158.58905229899906,160.71141052246094,91162800,-0.01797282391387164
2022-02-23,161.9045621151873,162.5011664749462,156.24172312968074,156.55470275878906,90009200,-0.026204788039999555
2022-02-24,149.22923948055748,159.2737073574054,148.66197489078866,159.16612243652344,141147500,0.01654296469914359
2022-02-25,160.2419073795577,161.49379611504713,157.33713033388693,161.229736328125,91974200,0.012881829597198696
2022-02-28,159.47904685433394,161.78721963459702,158.86287747049465,161.49380493164062,95056600,0.0016365007735047725
2022-03-01,161.08305614073245,162.9413396082361,158.4130132555384,159.61599731445312,83474400,-0.01169586857809147
2022-03-02,160.7798480922219,163.6846254319098,159.37146939131958,162.90219116210938,79724800,0.020379052689520574
2022-03-03,164.77023477279693,165.2005743290728,161.9143626273284,162.5794219970703,76678400,-0.001983333360740312
2022-03-04,160.87762742530813,161.91434629337496,158.54011500197396,159.58660888671875,83737200,-0.01857985584425028
2022-03-07,159.7724722055909,161.3960207362876,155.54733601828758,155.8016357421875,96418800,-0.024003144908381596
2022-03-08,155.33218168421902,159.30301816152476,152.37849933499598,153.98248291015625,131148300,-0.01174478376135424
2022-03-09,157.9337867292243,159.82141039524444,155.90925307773497,159.3715057373047,91454900,0.03439914227953726
2022-03-10,156.68185579600046,156.86768560681452,152.55452973284972,155.03875732421875,105342000,-0.02756285797113299
2022-03-11,155.43973102802846,155.78205064733166,151.10702542359093,151.33197021484375,96970100,-0.024199230973895564
2022-03-14,148.12398413737876,150.73534613403064,146.80364061476897,147.3122100830078,108732100,-0.02692168928803457
2022-03-15,147.58608092484786,152.15353624322603,147.07751138372214,151.68406677246094,92964300,0.0292456370208531
2022-03-16,153.60103819497576,156.48625045296393,151.06792059745445,156.0852508544922,102300200,0.028602488145708094
2022-03-17,155.1268130175759,157.46432633327734,154.16833868809496,157.09266662597656,75615400,0.006433526695329833
2022-03-18,156.98506332691767,160.86788006337628,156.25153394230247,160.3788604736328,123511700,0.020703029672985433
2022-03-21,159.91914959524135,162.69679166385907,159.43013010111935,161.7480926513672,95811400,0.008501247168418316
2022-03-22,161.8752422072329,165.69937857870127,161.2884277154457,165.11256408691406,81532000,0.020587306533773858
2022-03-23,164.30082796833884,168.84870476015902,163.96828326313863,166.47207641601562,98062700,0.008200138251811618
2022-03-24,167.30337650948087,170.31573891650316,166.4720521767643,170.24728393554688,90131400,0.022424405370890268
2022-03-25,170.06146151483682,171.43071043053845,168.95627243907444,170.8830108642578,80546200,0.0037271838611600623
2022-03-28,168.38900077447545,171.87081780430975,168.22273590773543,171.74368286132812,90371900,0.005023974040163758
2022-03-29,172.80975399507545,175.07879724912362,172.46743429498167,175.0299072265625,100589400,0.018953708344708924
2022-03-30,174.628881866762,175.66560091058673,172.8195035873902,173.8660125732422,92633200,-0.006671897862684128
2022-03-31,173.93446796182153,174.120297776475,170.5700111087268,170.77540588378906,103049300,-0.017935682565098393
2022-04-01,170.2081296381206,171.03946877548313,168.16403166582776,170.4819793701172,78751300,-0.001719679037955317
2022-04-04,170.7362946873885,174.5702062097959,170.60914482743888,174.52130126953125,76468400,0.02341720621120566
2022-04-05,173.60194829792937,174.3843825989403,170.58958593943763,171.2155303955078,73401800,-0.01912362998468431
2022-04-06,168.57481703992443,169.81693085468368,166.39379406221198,168.05645751953125,89058800,-0.018623194907580822
2022-04-07,167.4011755212215,169.55285855113002,166.11994669119974,168.35964965820312,77594700,0.0018024833787141535
2022-04-08,168.0075484323814,168.0075484323814,165.48420586824818,166.3546600341797,76575500,-0.011980447488743247
2022-04-11,165.00497220353915,165.31793693449984,161.8654603339608,162.10997009277344,72246700,-0.025847082836488924
2022-04-12,164.33012199148104,166.13948524268093,162.98042335456353,163.97802734375,79265200,0.011457506570623721
2022-04-13,163.71398991233582,167.28382721520924,163.10761035124472,166.6578826904297,70618900,0.016210665270914963
2022-04-14,166.87304601950618,167.50878046321276,161.4155854111937,161.66009521484375,75329400,-0.030447151220153856
2022-04-18,160.32017704396847,162.94132974863555,159.977872292766,161.44493103027344,69023900,-0.0013318531059465127
2022-04-19,161.39604679422817,164.1345597736567,160.31042259224273,163.72377014160156,67723800,0.014016579161772777
2022-04-20,165.05390933318154,165.1712841990279,162.4523360987669,163.55751037597656,67929800,-0.0010160054352274606
2022-04-21,165.20059691129774,167.7630547165198,162.266479452362,162.76527404785156,87227800,-0.004855547466757742
2022-04-22,162.80440987833427,164.18343379206294,157.95332893712188,158.23695373535156,84882400,-0.028215509666457268
2022-04-25,157.5816809008669,159.58666436994497,154.98010780953732,159.30303955078125,96046400,0.006714680629291789
2022-04-26,158.68684707978605,158.77486701882205,153.2782919448604,153.35653686523438,95623200,-0.038042780656123536
2022-04-27,152.4861127865459,156.2808951707583,151.9677531448404,153.13162231445312,88063200,-0.0014676886164702468
2022-04-28,155.75271956865106,160.906989569117,155.43973990755873,160.0463104248047,130216800,0.04416538537744464
2022-04-29,158.28585264208988,162.55010393809633,153.79665651995063,154.1878662109375,131747600,-0.037291444121042946
2022-05-02,153.26850950984627,154.75511815394006,149.9040527150275,154.49105834960938,123055300,0.001964450515089277
2022-05-03,154.67689768841237,157.18069064394373,152.88709903691972,155.97769165039062,88966500,0.009576774879474191
2022-05-04,156.1635144371754,162.82395888042848,155.76251479077115,162.3740692138672,108256500,0.04018974786753424
2022-05-05,160.2517447433381,160.47668960295778,151.5471860479713,153.3272247314453,130525300,-0.05732838133670697
2022-05-06,152.8080631040653,156.16767394547392,151.0156200226824,154.052001953125,116124600,0.004715859121059653
2022-05-09,151.75023984870148,152.63177739233632,148.38085428930862,148.93914794921875,131577900,-0.03375240093368999
2022-05-10,152.32811702969943,153.52307898712107,149.7912627423493,151.33883666992188,115366700,0.0159834548714476
2022-05-11,150.34960463592216,152.2595803376125,142.81742986905113,143.49327087402344,142689800,-0.05323313313607753
2022-05-12,139.83977549024237,143.19937058277358,135.95125505327687,139.6340789794922,182602000,-0.027262861935817218
2022-05-13,141.62245981596948,145.0604308345469,140.17283922837782,144.0907440185547,113990900,0.03141798859939425
2022-05-16,142.56278284412517,144.49235241019304,141.2208901087805,142.552978515625,86643800,-0.010729558226786617
2022-05-17,145.80479629477273,146.6961230315545,143.66953086740642,146.177001953125,78336300,0.025104519886693464
2022-05-18,143.8360642275501,144.335591633693,137.02869370903522,137.92982482910156,109742900,-0.05807318947162353
2022-05-19,137.00912503429328,138.7525913397019,133.7964445425997,134.5310516357422,136095600,-0.02495000051167674
2022-05-20,136.2353274341848,137.81228455615957,129.88832647827988,134.76611328125,137426100,0.0017457421453240995
2022-05-23,134.96204525071005,140.31978230159262,134.82491915388553,140.17286682128906,117726300,0.039335642203879105
2022-05-24,137.92007047604906,139.05626669509965,134.5114967645211,137.47930908203125,104132700,-0.019402997545554253
2022-05-25,135.58886991195646,138.87991021944293,135.50072064953915,137.635986328125,92482700,0.0011389934739787018
2022-05-26,134.57023400738558,141.37759058232152,134.3253649583187,140.82908630371094,90601500,0.022934581397016245
2022-05-27,142.4060433122878,146.6079896103765,142.27870662441157,146.56881713867188,90978500,0.03994805847294315
2022-05-31,146.01050754614022,147.5678709384086,143.82626511004062,145.78521728515625,103718400,-0.005360635652226069
2022-06-01,146.823446577346,148.6256937779253,144.64900865939228,145.6578826904297,74286600,-0.0008738213588831776
2022-06-02,144.79597858853165,148.16537934399943,143.84588541228797,148.1066131591797,72348100,0.016671770900735614
2022-06-03,143.8850177275583,144.93306421639832,141.49510885340763,142.39622497558594,88570300,-0.039318884990048576
2022-06-06,144.01237341190438,145.52077501341512,141.92608448379778,143.14064025878906,71598400,0.00521415663194883
2022-06-07,141.38736672807937,145.94192415465892,141.1424977278199,145.6578826904297,67808200,0.017432957457364152
2022-06-08,145.5305644824367,146.79408210793065,144.4335560047601,144.9232940673828,53950200,-0.0050560066974217515
2022-06-09,144.0613709060868,144.91351047437155,139.60475090946733,139.71249389648438,69473000,-0.03661789998998669
2022-06-10,137.40092646925825,137.87107088214006,134.24701176433422,134.31558227539062,91437900,-0.03939457334895006
2022-06-13,130.1429810735186,132.4251621177248,128.74233746263164,129.17330932617188,122207100,-0.03903713683222816
2022-06-14,130.39766413988795,131.1420606306549,128.7815195311164,130.03524780273438,84784300,0.0066505648044170645
2022-06-15,131.53383428431485,134.5212392737676,129.44756042743367,132.6504364013672,91533000,0.01991181980046434
2022-06-16,129.36919361966238,129.67282879246193,126.39157816992548,127.3906478881836,108123900,-0.0404590374766627
2022-06-17,127.4004233992444,130.34864015181543,127.14575012821126,128.85983276367188,134520300,0.011466912923013115
2022-06-21,130.68170729877417,134.24699991857628,130.58376865027734,133.0814208984375,81000500,0.03223588222237561
2022-06-22,132.0235937967665,134.93263938077834,131.16166488175563,132.57211303710938,73409200,-0.0038343814049089024
2022-06-23,134.01195231906672,135.74561458048865,132.84637315008302,135.43218994140625,72433800,0.02134432510639536
2022-06-24,137.02869134817942,138.99744774415504,136.901369626622,138.75257873535156,89116800,0.02422126611445576
2022-06-27,139.77122723590202,140.5450216732672,138.07673787975503,138.75257873535156,70207900,0.0
2022-06-28,139.212947099847,140.47646473111445,134.50166930718802,134.61920166015625,67083400,-0.03024227369009289
2022-06-29,134.63880492913648,137.7829151592785,133.8650103621575,136.37246704101562,66242400,0.012939806252229567
2022-06-30,134.43309207438057,135.5301005021527,131.02451949836083,133.91397094726562,98964500,-0.01819228457659174
2022-07-01,133.2479278277153,136.1863562547321,132.87573705664798,136.07861328125,71051600,0.01603517164928635
2022-07-05,134.94243962271915,138.70362462604172,134.11966825992553,138.65464782714844,73353800,0.018753535944590224
2022-07-06,138.44897021265854,141.16210859174285,138.1845074474581,139.9867401123047,74064300,0.009561411126892459
2022-07-07,140.34913434840425,143.5422362397496,140.3393449670909,143.34634399414062,66253700,0.023715983311947783
2022-07-08,142.27870461467543,144.5217134378149,142.02404618814074,144.0221710205078,64547800,0.00470356519262608
2022-07-11,142.6802818681296,143.63037488194183,140.82907263468897,141.89669799804688,63141600,-0.014867939171637024
2022-07-12,142.76844044820817,145.40323372369386,142.07302074051665,142.86639404296875,77588800,0.006810572157778808
2022-07-13,140.0552923046931,143.44427122627144,139.2031379384123,142.5039825439453,71185600,-0.002539939135891325
2022-07-14,141.12292146669557,145.8929653987599,140.30995449187216,145.42282104492188,78140700,0.02027555932993102
2022-07-15,146.7059412883577,147.76377735798872,145.1583671279135,147.0879364013672,76259900,0.011385108411470968
2022-07-18,147.64623499784832,148.45920196700573,143.6891431225671,144.0515594482422,81420900,-0.02085932752170442
2022-07-19,144.88412086859606,148.1261847699647,143.89485526545627,147.90090942382812,82982400,0.026371231393431293
2022-07-20,148.01844006316782,150.56508418725386,147.28383290571463,149.89903259277344,64823400,0.013419432795646353
2022-07-21,151.32906041419434,152.3771070356204,148.821603940378,152.16162109375,65086600,0.014981301212421973
2022-07-22,152.20081233549695,153.0725455912705,150.26145356507448,150.927490234375,66675400,-0.008143728256163833
2022-07-25,150.8491095898411,151.85796878260385,149.15462011252404,149.8108673095703,53623900,-0.0074259104504482455
2022-07-26,149.1350139839463,149.9479808770686,147.70498735893062,148.4885711669922,55138700,-0.00886562046696681
2022-07-27,149.4484808165071,154.10099277980115,149.0371026048061,153.5720672607422,78620700,0.03366195696235635
2022-07-28,153.75817384315252,154.40463173955777,151.2409277129022,154.12059020996094,81378700,0.0035653988938144283
2022-07-29,157.93074338059327,160.27169083424704,156.22644946059978,159.17466735839844,101786900,0.03226678681666486
2022-08-01,157.70543713439503,160.23248719622674,157.5879047882323,158.19517517089844,67829400,-0.006172579534588583
2022-08-02,156.81411634866453,159.07670355733856,156.35376142488207,156.7259521484375,59907000,-0.009330804158127627
2022-08-03,157.53893055181024,163.1709180629882,157.45078129075776,162.72036743164062,82507500,0.037534437935699
2022-08-04,162.60281360750764,163.7586031177134,161.0552396557241,162.40692138671875,55474100,-0.0019281441626772817
2022-08-05,160.08237587686597,162.67178435198056,159.876393569881,162.18136596679688,56697000,-0.0013897941793676435
2022-08-08,163.18181120847004,164.59421857415984,161.05339717997808,161.71055603027344,60276900,-0.0029072059915639043
2022-08-09,160.87682032374863,162.64232916411427,160.12157196524083,161.7595672607422,63135500,0.000303034050533967
2022-08-10,164.46669306704544,166.09488560468589,163.70164162721542,165.99681091308594,70170500,0.025857496729703087
2022-08-11,166.8010905635419,167.71327649760102,164.9669306824805,165.2611846923828,57149200,-0.004441416899938387
2022-08-12,166.56569547580563,168.87065273956517,166.1537308916434,168.802001953125,68039400,0.021199282098294508
2022-08-15,168.23308330651162,170.06724280100903,168.0663428948643,169.87107849121094,54091700,0.0063133455286628155
2022-08-16,169.4689479524639,170.38113378052608,168.37041574061854,169.7141571044922,56377100,-0.0009241944668932712
2022-08-17,169.45912928634104,172.77434653771422,169.26296497615442,171.20501708984375,79542000,0.008746175644400198
2022-08-18,170.4203849105247,171.54834118381174,169.8024529702403,170.81271362304688,62290100,-0.0022940543931838754
2022-08-19,169.71419727903458,170.41059802085272,168.0271567164156,168.23313903808594,70346300,-0.015216964554233072
2022-08-22,166.43817940694694,166.6049198473659,163.9370428679026,164.3588104248047,69026800,-0.023298843392972397
2022-08-23,163.8781795700326,165.4769480040651,163.4564120530002,164.02529907226562,54147100,-0.0020312278064793994
2022-08-24,164.11359750144874,164.88845187937156,163.06409508904346,164.31956481933594,53841500,0.0017924192409563729
2022-08-25,165.5456215718219,166.87956011908489,165.1238689631101,166.77166748046875,51218200,0.014812518463466031
2022-08-26,167.3012923372698,167.77208967610682,160.42561875617696,160.48446655273438,78961000,-0.038428459983601976
2022-08-29,158.06181135805244,159.77827539995786,156.7573118566176,158.28741455078125,73314000,-0.013784696342491302
2022-08-30,159.02304111055471,159.44479366035216,154.69754815714236,155.86474609375,77906200,-0.015423840983533943
2022-08-31,157.23793525223348,157.50276536238007,154.1286845852179,154.2071533203125,87991100,-0.010691769018955959
2022-09-01,153.6382414104045,155.38412932683354,151.70599214901193,154.93295288085938,74229900,0.004695611339773105
2022-09-02,156.6886878420521,157.28699892323417,152.00028886480865,152.82418823242188,76957800,-0.013704297123609759
2022-09-06,153.47150522336744,154.07961913097645,150.74478065092995,151.5686798095703,73714800,-0.008249309852856039
2022-09-07,151.85314497915547,153.6676838931478,150.66632598771957,152.97129821777344,87449600,0.009211456144862448
2022-09-08,151.67658920142858,153.36362955067997,149.75414265238146,151.5000457763672,84923800,-0.009664383343099433
2022-09-09,152.4907097522004,154.79568238893685,151.7845060067485,154.3542938232422,68028800,0.018664642202302618
2022-09-12,156.53173198406338,161.11223777090294,156.24729591423596,160.2981414794922,104956000,0.03778489622797978
2022-09-13,156.8357585865151,157.46349338077283,150.43089710301155,150.8918914794922,122656600,-0.06047183560084397
2022-09-14,151.82368576965968,154.0894308134101,150.66630580332588,152.33372497558594,87965400,0.009510043245441026
2022-09-15,151.6863640849109,152.26506901475514,148.47903939265456,149.45005798339844,90481100,-0.01911139647004723
2022-09-16,148.312339619677,148.44965617349064,145.52675172371437,147.81210327148438,162278800,-0.011020382024213453
2022-09-19,146.44869974399057,151.5980915210163,146.24273245408108,151.51962280273438,81474200,0.024773245328141978
2022-09-20,150.46032156880003,155.05064442927653,150.1464616536784,153.89324951171875,107689800,0.015544037048613481
2022-09-21,154.3248240736869,155.69800426701255,150.65650483896582,150.77420043945312,101696800,-0.020475820742789627
2022-09-22,149.45988650515864,151.50983141556574,148.0180554999838,149.81298828125,86652500,-0.006395584846473733
2022-09-23,148.29271727039426,148.5673503753869,145.71311171309017,147.54727172851562,96029900,-0.01523916074159507
2022-09-26,146.79202323434507,150.82326264584486,146.77240230987616,147.88075256347656,93339400,0.00225761233993233
2022-09-27,149.81297617549825,151.75502830388234,147.0764338903238,148.85174560546875,84442700,0.006544591601886156
2022-09-28,144.81069908771693,147.75320856386915,142.06435391669942,146.96853637695312,146691400,-0.012732289054690548
2022-09-29,143.30025780798485,143.9083718149734,137.98410935439225,139.74961853027344,128138200,-0.05036614324392872
2022-09-30,138.5725835278908,140.35771319334796,135.35544091221504,135.55160522460938,124925300,-0.030499964192548062
2022-10-03,135.56144631438175,140.32831325471835,135.05140704196927,139.72018432617188,114311700,0.030289321010998235
2022-10-04,142.25071445031105,143.41791226395273,141.49546616506458,143.3002166748047,87830100,0.025300107677520837
2022-10-05,141.30913113651346,144.55569777280346,140.2694318056122,143.59446716308594,79471000,0.002051279497567571
2022-10-06,143.0158044200555,144.7126478104947,142.43711432828448,142.64308166503906,68402200,-0.006647548551255102
2022-10-07,139.80844218113944,140.35772324812106,136.7776606833551,137.4053955078125,85925600,-0.03740993018254719
2022-10-10,137.72909545898438,139.1709266873786,135.91455644051044,137.72909545898438,74899000,0.002353031780119282
2022-10-11,137.2190642395612,138.64128959242282,135.57126557653487,136.3166961669922,77033700,-0.010307852490075963
2022-10-12,136.46381898254117,137.67024396939837,135.51240615749046,135.68894958496094,70433700,-0.0046156960807847225
2022-10-13,132.40313927882983,140.83832513907973,131.79501040391918,140.2498321533203,113224000,0.03306021679199297
2022-10-14,141.54456588685852,141.75054821414383,135.5418490498613,135.72821044921875,88598000,-0.03277091404837348
2022-10-17,138.36665154683308,140.16156968133146,137.5819791306435,139.68096923828125,85250900,0.028706597472402406
2022-10-18,142.7019309504816,143.88873492707052,137.91544326382163,140.99526977539062,99136600,0.009365311064817862
2022-10-19,138.974780941184,142.1723038055395,138.78841953799576,141.1031951904297,61758300,0.0007651613440557488
2022-10-20,140.27923092891302,143.09422670420207,139.9163112713326,140.6421356201172,64522000,-0.0032728846334371324
2022-10-21,140.1321395849877,145.0167173026428,139.9163543059083,144.4478302001953,86548600,0.026699786852420176
2022-10-24,144.36932866368048,147.3510650763543,143.2021308192321,146.5860137939453,75981900,0.014693975353888536
2022-10-25,147.21377179556336,149.56778877679034,146.4977652190575,149.420654296875,74732300,0.019153130408929103
2022-10-26,148.06715470283552,149.0774155786644,145.20309759691472,146.48800659179688,88194300,-0.019821952610725422
2022-10-27,145.23248644302674,146.1937021462339,141.36798774070627,142.025146484375,109180200,-0.030939428997117997
2022-10-28,145.35999154749908,154.48177557471033,144.98728378991743,152.75550842285156,164762400,0.07283452924838019
2022-10-31,150.22494584357278,151.28425122815003,149.00870300208484,150.4014892578125,97943200,-0.01553034564270883
2022-11-01,152.10814502054632,152.4710497811702,146.27217011734126,147.76303100585938,80379300,-0.017698464732557317
2022-11-02,146.0956258102425,149.25392123210702,142.2213237765035,142.25074768066406,93604600,-0.03801851961858055
2022-11-03,139.33766635298934,140.0634909361085,136.09109910411752,136.21861267089844,97918500,-0.043330287808794506
2022-11-04,139.59828641105477,140.1681172493776,132.0234984378513,135.95335388183594,140814800,-0.001949200547045163
2022-11-07,134.70562941235488,136.70984922405512,133.29087896117363,136.48388671875,83374600,0.0038947209006776665
2022-11-08,137.94774130575934,138.9498435557623,135.0789489012502,137.05369567871094,89908500,0.004166226660108737
2022-11-09,136.07126240547402,136.12038860314053,132.22982461259858,132.50491333007812,74917800,-0.03375306182545521
2022-11-10,138.7631880310501,144.29444885253906,137.0536956773793,144.29444885253906,118854000,0.08523626907427664
2022-11-11,143.26287971945007,147.3793904835366,141.83829520447486,147.0748291015625,93979700,0.019085503218805852
2022-11-14,146.3576203774582,147.64464544159856,144.84461786588682,145.67971801757812,73374100,-0.00953099897973388
2022-11-15,149.5506380930854,150.89660867721872,145.95481705312972,147.4088592529297,89868300,0.011799581640389536
2022-11-16,146.51481993344615,147.24183349471545,144.70707528826344,146.18077087402344,64218300,-0.008366068933060411
2022-11-17,143.86215701114332,148.82360185357618,143.58706836561342,148.07693481445312,80389400,0.012887956030898737
2022-11-18,149.6390649453273,150.0222252429551,147.3401031595605,148.63694763183594,74829600,0.0037747710200094825
2022-11-21,147.5267963190737,147.7331053618716,145.12958178515976,145.41448974609375,58724100,-0.021918525037754138
2022-11-22,145.53236323934706,147.7821986794849,144.3533947208252,147.54640197753906,51804100,0.014554501476111401
2022-11-23,146.82922050043365,149.16748927839564,146.72114887646376,148.4208221435547,58301400,0.005908915845868156
2022-11-25,145.7092308871806,146.26924255314506,144.54009634908132,145.5127410888672,35195900,-0.019787981432208994
2022-11-28,142.59478278627932,144.06847835661756,140.86565204725017,141.69091796875,69246000,-0.026615599131328764
2022-11-29,141.75971007267643,142.27059550015326,137.88881488460692,138.69442749023438,83763800,-0.02137490146443708
2022-11-30,138.92037287256267,146.11201495746124,138.0852876520207,145.43411254882812,111380900,0.04744999953194483
2022-12-01,145.61094536816785,146.51481013470644,144.03899751867118,145.7091827392578,71250400,0.0018895868579301394
2022-12-02,143.4004227674544,145.40464232225125,143.09584639700262,145.2179718017578,65447400,-0.003376868722055167
2022-12-05,145.17869354013385,148.27344880391388,143.2137657558394,144.05868530273438,68826400,-0.00801511409089269
2022-12-06,144.49095300364328,144.71691547188212,139.43125562304482,140.40390014648438,64727200,-0.02569748335296824
2022-12-07,139.69652452502783,140.85582456681212,137.54492649061714,138.46844482421875,69721100,-0.01388080556218677
2022-12-08,139.86352962985669,141.00319109284194,138.62563079391435,140.1484375,62128300,0.012059664314660084
2022-12-09,139.8439047836886,143.01727390300547,138.42915440090607,139.6670684814453,76097000,-0.0034406205741281315
2022-12-12,140.19757351667832,141.96601125722427,138.58633357333804,141.95619201660156,70462700,0.016256994872523026
2022-12-13,146.87834983755218,147.34010905974955,141.71059523341404,142.9190216064453,93886200,0.006759684311152461
2022-12-14,142.80109523487565,144.0881201971517,138.6845702087708,140.69862365722656,82291200,-0.015658005425786523
2022-12-15,138.63546667684503,139.3133690938159,133.64454880056925,134.10630798339844,98931900,-0.04798735338297494
2022-12-16,134.29299371012456,135.23615066480997,131.3848939522239,132.15121459960938,160156900,-0.01468599650440177
2022-12-19,132.74064622616112,132.82906434469876,129.01711609721863,130.04869079589844,79592600,-0.016037907160754403
2022-12-20,129.08590439011405,130.91328746393052,127.61220884643004,129.97994995117188,77432800,-0.0005287174991985006
2022-12-21,130.64800547841642,134.4108428696223,130.42204304769788,133.07469177246094,85928000,0.023530355446064924
2022-12-22,131.99401195090732,132.20032094511618,128.0150307307424,129.9111785888672,77852100,-0.024059587546415347
2022-12-23,128.6241804492717,130.09787639620362,127.36662777385332,129.54769897460938,63814900,-0.002801830143219829
2022-12-27,129.07609558176017,129.1055682957193,126.46273834186272,127.74976348876952,69007800,-0.013975767450159797
2022-12-28,127.39607559848972,128.73222692892008,123.66271775984325,123.8297348022461,85438400,-0.031165862125126845
2022-12-29,125.74553370652504,128.19186635387044,125.49009852746012,127.33712768554688,75703700,0.027930602475042306
2022-12-30,126.1581553688859,127.67114272748928,125.19533773599038,127.6514892578125,77034200,0.002465692275216354
2023-01-03,127.99536673400505,128.60448941700523,121.9925130634904,122.8767318725586,112117500,-0.03812213739083066
2023-01-04,124.66483917038782,126.40380440814197,122.88658197418444,124.14413452148438,89113600,0.010261592786845915
2023-01-05,124.90061292758642,125.52938912334946,122.57217865426507,122.8276138305664,80962700,-0.010661406982284155
2023-01-06,123.80024463429882,128.00518029343567,122.69988266566683,127.34693145751952,87754700,0.036133247026816785
2023-01-09,128.1820484933381,131.07049435820306,127.61221771125116,127.8676528930664,70790800,0.00408066145162295
2023-01-10,127.9757103650532,128.958174020526,125.87323874198964,128.43746948242188,63896200,0.004446399844600805
2023-01-11,128.94839939893015,131.1687626317444,128.1722594386808,131.1491241455078,69458900,0.02089286094121962
2023-01-12,131.53227009080285,131.90559617413024,129.13505580606935,131.0705108642578,71379600,-0.0005995987569909938
2023-01-13,129.71468306570503,132.55400260182785,129.35117628841525,132.3968048095703,57809700,0.010068081085168934
2023-01-17,132.46561675484807,134.88246968730516,131.77789498509242,133.55615234375,63646600,0.008718495859492812
2023-01-18,134.4207263168224,136.17933021057922,132.66210743185522,132.83895874023438,69672800,-0.0053844481856522635
2023-01-19,131.72872356322017,133.86066781311564,131.42416224055012,132.89785766601562,58280400,0.0004432876674167388
2023-01-20,132.90772297331753,135.59967961374403,131.8663135769454,135.45230102539062,80223600,0.01903871069791385
2023-01-23,135.6978953680963,140.80671912517695,135.4817521326256,138.63546752929688,81760300,0.02322839610650047
2023-01-24,137.84949253259393,140.64952034187644,137.83967329148908,140.0305633544922,66435100,0.010012755959012031
2023-01-25,138.41930821894437,139.93229570032543,136.37578195167205,139.37229919433594,65799300,-0.0047119444093899916
2023-01-26,140.6593159193217,141.72037843724186,139.4115829133593,141.4354705810547,54105100,0.014694810721001015
2023-01-27,140.64952711543583,144.64814715401417,140.57092820918845,143.37094116210938,70555800,0.013591691034826329
2023-01-30,142.41794502488958,142.9975950119405,140.34494601130174,140.4923095703125,64015300,-0.020282514683233468
2023-01-31,140.19757555057984,141.80881551729502,139.78494257033407,141.7596893310547,65874500,0.00898054421956594
2023-02-01,141.44531098955775,144.03901475780756,138.84178798038548,142.87969970703125,77663600,0.007869720070544288
2023-02-02,146.2888426135127,148.52885870656533,145.57164829200897,148.17518615722656,118339000,0.036392248595208135
2023-02-03,145.4341369902227,154.62018089842738,145.2376471989092,151.79067993164062,154357300,0.024107202045208182
2023-02-06,149.89447943002094,150.4151839414419,148.1358611817687,149.06919860839844,69858300,-0.018091847725515798
2023-02-07,147.99832954313612,152.50783427872634,147.99832954313612,151.93800354003906,83322600,0.019061947870607634
2023-02-08,151.18149451181517,151.8692159923906,148.51901171912547,149.255859375,64120100,-0.017810555900906633
2023-02-09,151.0832773681269,151.6236354399285,147.782198500911,148.22430419921875,56007100,-0.00693531493380823
2023-02-10,147.0632318137508,148.9130734935689,146.8270751036462,148.58836364746094,57450700,0.002453127310597152
2023-02-13,148.52933886882354,151.78625678187208,148.49982115470684,151.38284301757812,62199000,0.018632189700174877
2023-02-14,149.68058802933567,151.3041375201495,148.44079888424892,150.74327087402344,61707600,-0.004233815413619242
2023-02-15,150.6546952720313,153.0063681105949,150.42838780610393,152.83909606933594,65573800,0.013807511373420648
2023-02-16,151.0482514150965,153.8230360580732,150.89082864502956,151.24505615234375,68167900,-0.010484298552182063
2023-02-17,149.90689371085574,150.54646418705764,148.43094798353164,150.1036834716797,59144100,-0.007575131324559467
2023-02-21,147.79132602150992,148.8736919600815,146.03003782775363,146.09890747070312,58867200,-0.027042437682893355
2023-02-22,146.4826667367167,147.5453493019233,144.80009726904348,146.52203369140625,51011300,0.002891976998810318
2023-02-23,147.6831183102613,147.92910925221886,144.8788305804024,147.00418090820312,48394200,0.003285210154669618
2023-02-24,144.75092512234477,144.8296440334222,143.38321594733068,144.3573455810547,55469600,-0.018169235817307044
2023-02-27,145.34128862301924,146.77786725557394,145.0854484451516,145.54791259765625,44998500,0.008213536499896854
2023-02-28,144.69185403745792,146.68929899478212,144.47538083886278,145.04608154296875,50547000,-0.0034538329330017345
2023-03-01,144.4754113339038,144.86899086128216,142.68458995191014,142.9797821044922,55479000,-0.014348259296679471
2023-03-02,142.0646965175798,144.3573339453376,141.59238308918532,143.57015991210938,52238100,0.00412059858615853
2023-03-03,145.66597544130724,148.68675112203792,144.96736964186593,148.6080322265625,70732300,0.03448834852577118
2023-03-06,151.32380747304748,153.7935665673354,150.9991125857975,151.36317443847656,87558000,0.018369894362181036
2023-03-07,151.23522972088062,151.55993956940895,148.7064506179963,149.16891479492188,56182000,-0.014602757669601453
2023-03-08,150.35949790258118,151.00891757952724,149.39521763366128,150.4185333251953,47204800,0.008342310636071382
2023-03-09,151.09748364556307,152.06176399701366,147.82088228318355,148.17510986328125,53833600,-0.015026881703785668
2023-03-10,147.80122193638456,148.5195113692859,145.24290982690115,146.11863708496094,68572400,-0.01397587460099145
2023-03-13,145.43968998615728,150.6842189540097,145.33145336527863,148.05703735351562,84457100,0.013178712529774284
2023-03-14,148.85404568502526,150.94004418166887,147.6929755826584,150.14303588867188,73695900,0.013990825280708082
2023-03-15,148.7655134809102,150.79247683579462,147.51587504804607,150.53665161132812,77167900,0.002618174515056918
2023-03-16,149.71992520737962,153.95097226183628,149.20825986230471,153.3507537841797,76161100,0.018521219156735567
2023-03-17,153.57710247425993,154.2265223157517,151.80596427660015,152.51441955566406,98944600,-0.005468659956826633
2023-03-20,152.5832927983786,155.28919358755078,151.6780327765039,154.87591552734375,73641400,0.015365105286267096
2023-03-21,154.79720820376127,156.84383990664745,154.02970254755692,156.72576904296875,73938300,0.011873332778728447
2023-03-22,156.7454392443716,159.53989288471735,155.27932775015748,155.29901123046875,75701800,-0.00914522080682725
2023-03-23,156.28297554136526,158.9593583364734,155.15140813839363,156.38136291503906,67622100,0.0069452947644080085
2023-03-24,156.31249715364865,157.76875944157217,155.31869907440637,157.68020629882812,59196500,0.008271313118772198
2023-03-27,157.3752051384263,158.19189706310823,155.3383924442017,155.7418212890625,52390300,-0.01236932668114453
2023-03-28,155.43676283008696,155.94842821050446,153.47866946121147,155.12188720703125,45992200,-0.0039884675303499964
2023-03-29,156.81432081388166,158.4673879613573,156.79465234617297,158.19187927246094,51305700,0.019597545012835477
2023-03-30,158.9396863414281,159.8646148025582,158.68386113447403,159.75637817382812,49501700,0.009841296447843973
2023-03-31,159.83510289651463,162.35404815041076,159.31360321570477,162.25564575195312,68749800,0.015523133169639396
2023-04-03,161.63570888278477,163.62330459513862,161.58650769871608,163.50523376464844,56976200,0.007671849016912124
2023-04-04,163.92838412805693,164.16452584406122,162.4622725801105,162.97393798828125,46278300,-0.003254702237325895
2023-04-05,162.0982064947886,162.40323287933546,159.20535043705326,161.1339111328125,51511700,-0.011354532938765415
2023-04-06,159.82525040692016,162.31469290771022,159.40215313314846,162.01950073242188,45390100,0.005480937437562095
2023-04-10,158.8314373555464,159.43165588378906,157.51292944566782,159.43165588378906,47716900,-0.01610136223927873
2023-04-11,159.74652133194326,159.7563555644006,157.93601661540757,158.22137451171875,47644200,-0.007620183739652116
2023-04-12,158.6346580327857,159.46118408911326,157.2177476424543,157.53262329101562,50133100,-0.004362588077206501
2023-04-13,159.0380889195549,163.14121655398105,158.83144989570576,162.90505981445312,68445600,0.03353500716456157
2023-04-14,161.9506011686896,163.65286938363687,161.19295983913122,162.5606689453125,49386500,-0.0021162965390461343
2023-04-17,162.44258319038994,162.7377753387549,161.39958394505072,162.58033752441406,41516200,0.00012098491875321895
2023-04-18,163.43642945073643,164.72541991249665,162.9936336312071,163.8004913330078,49923000,0.0074769066379499136
2023-04-19,163.14122346923992,165.4633789570219,162.885383237049,164.94187927246094,47720200,0.006943994008039623
2023-04-20,163.4265370188754,165.17799130758831,162.9050374280842,163.97755432128906,52456400,-0.005863610450620109
2023-04-21,162.40322071444277,163.78076396537094,161.85220341407148,162.3737030029297,58337300,-0.00982906726883019
2023-04-24,162.35403159020615,162.9444158925364,161.26183114076272,162.67874145507812,41949600,0.001876857392664306
2023-04-25,162.54097982284455,163.64301445601814,161.1043860925183,161.1437530517578,48714100,-0.009480501981145186
2023-04-26,160.44513945575562,162.6295403559192,160.1893142654478,161.1339111328125,45498800,-6.107726375190681e-05
2023-04-27,162.54095594925062,165.85690860859063,162.54095594925062,165.70932006835938,64902300,0.027999404049567397
2023-04-28,165.7880799666726,167.1262714474298,165.18786139778672,166.958984375,55275900,0.007513010215194254
2023-05-01,166.5653655163748,167.71660118549804,165.93562938076653,166.87039184570312,52472900,-0.0005307653411430286
2023-05-02,167.3623966257795,167.6182368189597,164.85328597063295,165.83724975585938,48425700,-0.006210530095540356
2023-05-03,166.78182250360237,168.1790489494341,164.4793513892357,164.7646942138672,65136000,-0.006488523885112677
2023-05-04,162.2457710884036,164.3612870012041,161.67507035057545,163.13133239746094,81235400,-0.009962763766516449
2023-05-05,168.23812815446027,171.504895212846,168.02165491497223,170.78660583496094,113453200,0.04585926149114102
2023-05-08,169.71404999386525,171.06209043449635,169.34998823962542,170.7176971435547,55962800,-0.0004035597311100312
2023-05-09,170.27491417680565,170.75704676065035,168.8481698742082,169.01544189453125,45326900,-0.01002121547243742
2023-05-10,170.24543004162442,171.23922812803062,169.14338031673282,170.77676391601562,53724500,0.010367146547668932
2023-05-11,171.0621017201797,171.7902252766967,169.4090348343318,170.9636993408203,49514700,0.001094019956946809
2023-05-12,171.0720544011138,171.50559963616618,168.49050872766975,170.0374755859375,45533100,-0.005432392031419746
2023-05-15,170.6188460048669,170.66811525184778,168.95364468701064,169.5448455810547,37266700,-0.0029013898531133698
2023-05-16,169.46601779285794,170.5991352991019,169.27880367524853,169.5448455810547,42110300,0.0
2023-05-17,169.19013234108013,170.39221479568312,167.91905489711874,170.15574645996094,57951600,0.003596705756688043
2023-05-18,170.46119076780954,172.6683237371227,170.04735615510018,172.48110961914062,65496700,0.013573547737906517
2023-05-19,173.80143807257875,173.80143807257875,172.3727201425523,172.58949279785156,55809500,0.0006281797493954509
2023-05-22,171.4267972966015,172.1460951955022,170.9045763773169,171.64356994628906,43570900,-0.005495841828383957
2023-05-23,170.58931050155752,170.83564173486545,168.7664533611328,169.04234313964844,50747300,-0.015270824279007592
2023-05-24,168.57921320123526,169.8896969643689,168.01758589409968,169.31820678710938,45143500,0.0016305902602618105
2023-05-25,169.8798495430277,171.3479738482291,169.17041449607095,170.4513397216797,56058300,0.006670033540316922
2023-05-26,170.7764937271046,173.1905363695113,170.56956891324683,172.8555145263672,54835000,0.014006210932566106
2023-05-30,174.36309800636275,176.36330631715728,173.9788219031772,174.69810485839844,55964400,0.010603299708350973
2023-05-31,174.72764675708407,176.7180070419873,174.16600441023556,174.64881896972656,99625300,-0.00028216014303937293
2023-06-01,175.0922328882,177.47671735788407,174.33352850038895,177.44715881347656,68901800,0.015895658808470953
2023-06-02,178.37336820267623,179.11236188910445,176.62933889294345,178.29454040527344,61996900,0.004764036357510278
2023-06-05,179.9498694414483,182.23581511366768,175.42721727327233,176.9446258544922,121946500,-0.007600068780108469
2023-06-06,177.32891962025158,177.476712338109,174.8261860088602,176.580078125,64848400,-0.002062361439529197
2023-06-07,175.82136104700194,178.5507149734009,174.71780207381394,175.21046447753906,61944600,-0.0077865684356857754
2023-06-08,175.2892595209165,178.1861165677113,174.85572927872582,177.9200897216797,50214900,0.015346609871436979
2023-06-09,178.83643579626113,179.55571862854532,177.97920810525306,178.3043670654297,48900000,0.00215750202149266
2023-06-12,178.60982685528654,181.19137296447727,178.31422641468646,181.09283447265625,54274900,0.015517780053167826
2023-06-13,180.1173932820357,181.44757286544584,179.7626757194867,180.61990356445312,54929100,-0.002614954509265045
2023-06-14,180.67902853230476,181.68406417583665,179.3488488908818,181.25051879882807,57462900,0.0034853131605404176
2023-06-15,181.2603543936769,183.78278344228747,181.08298811392547,183.2802581787109,65433200,0.011136290732503846
2023-06-16,183.98970387223915,184.245897953939,181.56581317602516,182.20626831054688,101256200,-0.005877059106740518
2023-06-20,181.70378168910557,183.3689832973111,181.70378168910557,182.2949676513672,49799100,0.00048668884393259805
2023-06-21,182.1865227468729,182.68904794337556,179.91042519875955,181.2603302001953,49515700,-0.00569179022009511
2023-06-22,181.0435838743865,184.3050065515812,180.97460392176268,184.2557373046875,51245300,0.016390382961722582
2023-06-23,182.82700770116728,184.807505007212,182.29492392440983,183.9404144287109,53117000,-0.0017127987437137824
2023-06-26,184.0882211166361,185.2903184900679,182.51169553463515,182.55111694335935,48088700,-0.0075816438924641485
2023-06-27,183.16204815111053,185.6253604426876,182.9452754666625,185.3002014160156,50730800,0.014946993619089648
2023-06-28,185.1720661878379,187.11315707618536,184.8469222630676,186.4727020263672,51216800,0.006307638275665094
2023-06-29,186.30522898461157,187.2807060224463,186.1672841036428,186.8077392578125,46347300,0.0017950971139051905
2023-06-30,188.8178023638345,191.62596911406445,188.45322195229383,191.1234588623047,85213200,0.022839645057280245
2023-07-03,190.9361949618371,191.03473343329196,188.9458351103561,189.6355743408203,31458200,-0.007815400109362665
2023-07-05,188.7587001877792,190.14799688410469,187.822629495574,188.522216796875,46920300,-0.005888339666388645
2023-07-06,187.05405664400223,189.20207252866172,186.42344937265383,188.99514770507807,45094300,0.0025054802775826665
2023-07-07,188.60102706839623,189.84253092683244,187.4481988352347,187.88172912597656,46815000,-0.005908676742443335
2023-07-10,186.4825418141745,187.2018396490787,184.2951198418446,185.8420867919922,59922200,-0.010915347099297921
2023-07-11,186.3840685065736,186.52201339622223,183.8616390759319,185.3199157714844,46638100,-0.002813711324986854
2023-07-12,186.8964015042781,188.88676181703667,185.70416691161037,186.98509216308597,60750200,0.008945286578439956
2023-07-13,187.70438329432412,188.38425984411805,186.99494820191867,187.7437896728516,41342300,0.0040493198322187635
2023-07-14,187.43837595165127,188.37443172170228,186.84718995550327,187.89163208007807,41616200,0.0007871590712633129
2023-07-17,189.08381775872684,191.4683169379724,188.9951421376018,191.1431579589844,50520200,0.01715729388091229
2023-07-18,190.51254970289236,191.4781637647375,189.5961898515042,190.886962890625,48288200,-0.0013412298810123872
2023-07-19,190.26622781119136,195.3209338889853,189.82281961650224,192.23687744140625,80507300,0.0070469127470025525
2023-07-20,192.2270044839344,193.58675746858663,189.6750169550875,190.2957763671875,59581200,-0.010148768820535633
2023-07-21,191.25155042374644,192.1087781918613,188.4236580132484,189.1232452392578,71951700,-0.0061806856999727005
2023-07-24,190.5717048030419,192.049692248324,189.4287242369893,189.92138671875,45377800,0.0042113386752390645
2023-07-25,190.49285737606127,191.586568574284,190.08887057427083,190.77859497070312,37283200,0.0045033346039686445
2023-07-26,190.82786945588316,192.76896069007796,190.48301476563847,191.64569091796875,47471900,0.004534740418769337
2023-07-27,193.1433883962488,194.30606454519105,189.7243098384596,190.3844757080078,47460200,-0.00660272356545547
2023-07-28,191.81315076149903,193.74439372054135,191.29092989175592,192.9561309814453,48291400,0.013417278567836297
2023-07-31,193.1828015190956,193.6064990530656,192.39453857567588,193.56707763671875,38824100,0.0031612443984776954
2023-08-01,193.36013930235927,193.8429388199064,192.41422090280528,192.7393798828125,35175100,-0.004285193811137019
2023-08-02,192.1777357193533,192.3156805851802,189.03456234552243,189.75384521484372,50389300,-0.01561123233398161
2023-08-03,188.7586713954234,189.54691917513856,187.89158079590143,188.36453247070312,61235200,-0.007348592812423393
2023-08-04,182.79747042079737,184.6301752435833,179.25029494609427,179.31927490234375,115956800,-0.04921121221190512
2023-08-07,179.45719031331873,180.44251500174,174.74733950545405,176.22532653808594,97576100,-0.017404435063529473
2023-08-08,177.05302113799038,177.62451134366992,174.97398514494694,177.16140747070312,67823000,0.005297783034320629
2023-08-09,178.2156906972674,178.27480777933516,174.41233639065635,175.5750274658203,60378500,-0.008994765175113786
2023-08-10,176.8460654118823,178.09743193733033,174.99366527850802,175.3582305908203,54686900,-0.0012355449225884474
2023-08-11,174.95375100085724,176.23639103718068,174.19402209160106,175.41746520996094,52036700,0.0003377350278984863
2023-08-14,175.59503330985302,177.29208151781367,174.943837241764,177.06515502929688,43675600,0.009349123765102859
2023-08-15,176.4929258073929,177.084910024482,174.68734458769583,175.08200073242188,43622600,-0.011263332558951126
2023-08-16,174.76626971305478,176.15744233651847,174.14467201512105,174.2137451171875,46964900,-0.004971474252609525
2023-08-17,174.7761369036864,175.1411945839284,171.1649745274817,171.67803955078125,66062900,-0.01466210592589192
2023-08-18,170.0007213782545,172.76335939467492,169.6652621694116,172.1614990234375,61172200,0.0028121244767982828
2023-08-21,172.7337706675176,173.77962299820936,171.42151715942626,173.4934844970703,46311900,0.0077070612623838875
2023-08-22,174.6971995908385,175.30892111024494,173.89801113995804,174.86492919921875,42038900,0.007873797408870037
2023-08-23,176.1377232252428,179.12728783194132,175.9502562936072,178.70301818847656,52722800,0.021711468958008472
2023-08-24,178.25902046647073,178.68329009610582,173.6612029173666,174.02627563476562,54945800,-0.02651901450867866
2023-08-25,175.01296513805357,176.7593346104704,173.4737848988942,176.22654724121094,51449600,0.012564070331348945
2023-08-28,177.6867593505913,178.1800870283186,176.1673167274641,177.78543090820312,43820700,0.008807011283408396
2023-08-29,177.3019791564373,182.4325844218137,177.10465107991652,181.6629943847656,53003900,0.021575912571314807
2023-08-30,182.47204640358007,185.3432171414265,182.27471834075723,185.1458740234375,60813900,0.018990731208789424
2023-08-31,185.33336235534645,186.5962801694583,184.97816577917948,185.3629608154297,60794500,0.001171830717226188
2023-09-01,186.9613458954921,187.38560051082152,185.76748618147488,186.93174743652344,45766500,0.008427709939117185
2023-09-05,185.76746926717504,187.44478036173828,185.10641198511868,187.16851806640625,45280000,0.0012658139185172128
2023-09-06,185.88585963952747,186.329866585718,179.04834537431464,180.46913146972656,81755800,-0.03644963081900626
2023-09-07,172.84229174782251,175.8318715643951,171.22417743783686,175.19053649902344,112488800,-0.029685584732805678
2023-09-08,175.97000602806156,177.83478423163749,175.41746632815568,175.80226135253906,65551300,0.003485686752730634
2023-09-11,177.6670388917848,177.89396541040293,174.97345890425444,176.9665069580078,58953100,0.00660064006273971
2023-09-12,177.09477490699047,177.72623373133553,172.487096210491,173.9473419189453,90370200,-0.01720786768005543
2023-09-13,174.15451849429098,174.93398459835862,171.6582818339781,171.88522338867188,84267900,-0.011925672576317601
2023-09-14,171.67802028548886,173.75000241444866,171.2636268707299,173.39480590820312,60895800,0.008744161318536997
2023-09-15,174.12494522635322,174.14468255030425,171.5004532372104,172.674560546875,109259500,-0.004162439505200984
2023-09-18,174.12491003199494,176.98621921988467,173.81904932082622,175.59503173828125,67257600,0.016771717739273898
2023-09-19,175.15107052586188,177.23291401853146,174.7662755227223,176.68038940429688,51826900,0.006162002996241567
2023-09-20,176.86781171431105,177.30194242582076,173.05932191129062,173.14813232421875,58436200,-0.020194906405906588
2023-09-21,172.22069958579337,173.94734650075085,171.53990496478352,171.6089630126953,63149100,-0.008929066630383375
2023-09-22,172.33909518451154,174.7169382879251,171.7273736602944,172.45748901367188,56725400,0.0049323479009795055
2023-09-25,171.87536866413782,174.60840835340898,171.82603288281885,173.73028564453125,46172700,0.007353248491506047
2023-09-26,172.48713399466078,172.86205287379087,169.36929877984454,169.66529846191406,64588900,-0.023676350316281916
2023-09-27,170.3164478696235,170.73084132501634,166.7940959712009,168.15567016601562,66921800,-0.00893750527673363
2023-09-28,167.0802102082604,169.73431545858824,165.38316183381656,168.41220092773438,56294400,0.0015243927506312246
2023-09-29,169.7244661753788,170.76045735672912,168.06687727418498,168.92527770996094,51861100,0.0030419221720391055
2023-10-02,168.93512915166482,171.9740294168616,168.6489906711008,171.43136596679688,52164500,0.014726514640220234
2023-10-03,169.96126458937815,171.31299281082715,168.54049336939298,170.09939575195312,49594600,-0.007800040976067183
2023-10-04,168.80686354725646,171.88523853747708,168.68846972057472,171.3425750732422,53020300,0.007281968363713714
2023-10-05,171.47081778563685,173.10866919518492,170.3756298015613,172.5758819580078,48527900,0.007172119705995979
2023-10-06,171.48069938400815,175.61478762599208,170.86896284182788,175.1214599609375,57266700,0.014642754942505921
2023-10-09,174.45052401213383,176.6606373398207,173.45400756283908,176.6014404296875,42390800,0.008415654493051563
2023-10-10,175.7233217666065,177.3216985969386,175.5753144327677,176.0094451904297,43698000,-0.0033577851371871014
2023-10-11,175.82199530812358,177.449985807142,175.23001108089,177.40065002441406,47551100,0.007873074589558854
2023-10-12,177.6670488234186,179.90674578858014,176.6507798893927,178.2985076904297,56743100,0.005048421136134649
2023-10-13,178.99899884980246,179.50218762206515,175.76277074017605,176.4633026123047,51427100,-0.010346217633765588
2023-10-16,174.3913099864983,176.69021845376034,174.15450731404093,176.33502197265625,52517000,-0.0007272179960193109
2023-10-17,174.2926830064713,176.03906740635364,172.46737941742194,174.7860107421875,57549400,-0.008823289608975406
2023-10-18,173.23695950912395,175.21027033840411,172.77323025982977,173.4934844970703,54764400,-0.007422384589075485
2023-10-19,173.69082297603654,175.466805839834,172.85217485644313,173.1185760498047,59302900,-0.0021632749471028035
2023-10-20,172.97054807703984,173.07908076842247,170.33618008275127,170.57298278808594,64244000,-0.01481351372498925
2023-10-23,168.62925458750877,171.6878768692555,167.662321590194,170.6913604736328,55980100,0.0006937595012910594
2023-10-24,170.74070856198065,171.35243005141567,169.1620540054936,171.12550354003906,43816600,0.0025402099519422046
2023-10-25,169.58633193718455,170.75057806188605,168.3727349771656,168.81674194335938,57157000,-0.013583466759363384
2023-10-26,168.09649022321696,169.09302189873856,163.45921245305613,164.66293334960938,70625300,-0.024913203075675905
2023-10-27,164.68264263448572,166.70528904611524,164.60370840247674,165.97515869140625,58499100,0.00793757442422122
2023-10-30,166.76450604315932,168.88580920893756,166.61649869462795,168.01754760742188,51131000,0.012230293271824604
2023-10-31,167.09010101577766,168.61940486913602,165.65943861592592,168.49114990234375,44846000,0.002814801585378073
2023-11-01,168.71806981976965,171.90496247869652,167.849808268541,171.6484375,56934900,0.01856519145846419
2023-11-02,173.17777741023195,175.4076134182441,173.11858048911532,175.20042419433594,77334800,0.02048218266315459
2023-11-03,171.91480549386804,174.46037768725847,171.03668297815753,174.29263305664062,79829200,-0.005194913949887202
2023-11-06,174.02628274488598,177.0355696443862,173.85855313497558,176.83824157714844,63841300,0.014499739577654963
2023-11-07,176.7889073081916,180.00541354681909,176.58171810512866,179.39369201660156,70530000,0.014347362121433418
2023-11-08,179.91664500198718,181.00195707049213,179.1667771510238,180.44943237304688,49340300,0.005867798015716019
2023-11-09,180.5184782994409,181.6629871195562,179.3838155582821,179.97581481933594,53763500,-0.0026281057168122913
2023-11-10,181.75413731292957,184.3228271167955,181.31943456996743,184.1548614501953,66133400,0.022954562198325226
2023-11-13,183.58186108306091,183.7893232540613,181.9912524470517,182.5741424560547,43627500,-0.008620691391878495
2023-11-14,185.43920547847276,185.8442707665973,184.05607409829287,185.18234252929688,60108400,0.014184624397834628
2023-11-15,185.5874219964848,187.21754232445392,185.51825788469085,185.7454833984375,53790500,0.003036392863744034
2023-11-16,187.2866746678448,188.6599317940755,186.37774261703024,187.42498779296875,54412900,0.009001332442867112
2023-11-17,187.9584954748911,188.08693448765237,186.29873780998344,187.40524291992188,50922700,-0.00010535368520078568
2023-11-20,187.60281994734132,189.598493753426,187.59294582194016,189.1440277099609,46505100,0.009235429647672657
2023-11-21,189.1044949293984,189.21317059662823,187.4546116723618,188.34376525878903,38134500,-0.00423994452242458
2023-11-22,189.1835618351496,190.60620477415247,188.53150773289747,189.00572204589844,39617700,0.0035084582775244413
2023-11-24,188.57099258448807,188.6006300326625,186.97051008307392,187.6818389892578,24048300,-0.0070291065832028595
2023-11-27,187.6324520630897,188.37341847212545,186.62473352580105,187.50401306152344,40552600,-0.000947935217057275
2023-11-28,187.4941315522009,188.77847629228077,187.1187037624085,188.10665893554688,38415400,0.003208888543756424
2023-11-29,188.6006665186497,189.77633577367203,186.6939199672285,187.08909606933597,43014200,-0.005424183762801155
2023-11-30,187.55341843722024,188.02764780463457,185.92329832736,187.6620941162109,48794400,0.0030580209398314516
2023-12-01,188.0375263099119,189.25270705783996,186.95076949469112,188.9365692138672,45704800,0.006768372207076996
2023-12-04,187.69170901814908,187.7608731123796,185.19218377665425,187.14833068847656,43389500,-0.009509831438217726
2023-12-05,187.9189736219644,192.0584934319345,187.8893210956394,191.09030151367188,66628400,0.020844584448289297
2023-12-06,192.10787423934497,192.41413792119363,189.79606282635905,190.0035400390625,41089700,-0.005703395342695732
2023-12-07,191.29777821822412,192.6512720749557,191.2582515665674,191.93006896972656,47477700,0.010088377794604425
2023-12-08,191.86090014217592,193.62934842275143,191.33728508312288,193.35272216796875,53406400,0.0073850153535828175
2023-12-11,190.78403090604945,191.15945870925907,189.1143841917753,190.85317993164065,60943700,-0.0130116559251609
2023-12-12,190.75441983366463,192.37466599656705,189.41079996137955,192.3647918701172,52696900,0.007889086053538458
2023-12-13,192.74022593057063,195.6151799201249,192.503126269579,195.5756683349609,70404200,0.016553827799457327
2023-12-14,195.6348883112765,197.2156075489979,193.7972910796132,195.7238006591797,66831600,0.0007571302443928007
2023-12-15,195.1508114803035,196.01032777733312,194.6271963711933,195.1903381347656,128538400,-0.0027293095983306117
2023-12-18,193.7281513997374,194.2616557044012,192.04863040265064,193.5305633544922,55751900,-0.008539725344101244
2023-12-19,193.7973129513213,194.5777909959987,193.53056080250687,194.5679168701172,40714100,0.00534583895036309
2023-12-20,194.5283816611859,195.2989855460905,192.4833221435547,192.4833221435547,52242800,-0.010771777340570323
2023-12-21,193.73803856316968,194.7062305271897,191.16934877699248,192.3351287841797,46482500,-0.0007701988630924203
2023-12-22,192.8290987313997,193.0563392932213,190.6457260678158,191.2681427001953,37149600,-0.005562980896907992
2023-12-26,191.27801448490152,191.5546407459069,190.5074106042434,190.72476196289065,28919300,-0.0028449800882567474
2023-12-27,190.17150836602556,191.16933772508392,188.78836199381533,190.82354736328125,48087700,0.0005178133420238564
2023-12-28,191.80163510638116,192.31537606668743,190.84331729052167,191.24838256835935,34049900,0.0022238502589795677
2023-12-29,191.56450759639276,192.058485197286,189.42064661751613,190.2110137939453,42672100,-0.005438960694730288
2024-01-02,184.89581391743903,186.17028459685412,181.6750853181039,183.4040069580078,82488700,-0.03644264704375956
2024-01-03,182.0011090098209,183.64111826756877,181.22061595613368,182.0307464599609,58414500,-0.007515798371680254
2024-01-04,179.95603270422265,180.88471299934187,178.70134046081682,179.71893310546875,71983600,-0.012781461643750467
2024-01-05,179.79796753554595,180.5586821654936,177.99988188294327,178.99771118164062,62379700,-0.004021128693797964
2024-01-08,179.89676064456037,183.36449308108035,179.3138706884217,183.3249664306641,59144500,0.023887331801795118
2024-01-09,181.70474272826013,182.9199235647891,180.52907347198328,182.91004943847656,42841800,-0.002265851989718126
2024-01-10,182.12955368013527,184.1548498527509,181.7047250899033,183.9473876953125,46792900,0.005655281406512391
2024-01-11,184.293153408918,184.7970202008086,181.40832608034748,183.35459899902344,49128400,-0.0032278029111605226
2024-01-12,183.8189619436421,184.49077939116623,182.95944565085557,183.6806488037109,40477800,0.0017766680034432612
2024-01-16,179.9659024464889,182.0405990862716,178.75070683426088,181.41819763183597,65603000,-0.012393795019758642
2024-01-17,179.08663943068214,180.72663357001971,178.12832170152117,180.47964477539065,47317400,-0.005186850269077059
2024-01-18,183.84860201119264,186.86186875433012,183.59173905481111,186.35801696777344,78005800,0.03205164593733127
2024-01-19,187.04957995238564,189.63801803091337,186.5457281731689,189.25271606445312,68903000,0.015413597918571538
2024-01-22,189.9837813694604,192.97728431537945,189.94425472083472,191.55462646484372,60133900,0.012089779691922941
2024-01-23,192.67102493067517,193.3922279967128,191.4953558452852,192.8290863037109,42355600,0.0066312097348250705
2024-01-24,193.06620457832125,194.0146482092326,191.999211146671,192.15728759765625,53631300,-0.003489990469658553
2024-01-25,192.868608992564,193.9059649333701,190.7840229862772,191.8312530517578,54822100,-0.001698147677511481
2024-01-26,191.93006387634745,192.41415228379137,189.6281264159501,190.1023406982422,44594000,-0.009053532819282615
2024-01-29,189.6972958396627,189.8850097627336,187.29657164460275,189.4206695556641,47145600,-0.003592255843263651
2024-01-30,188.64016451675863,189.4898065747188,185.21195883551243,185.77508544921875,55859400,-0.019433582554997192
2024-01-31,184.7871255668693,184.84641553917143,182.129538862794,182.17892456054688,55467800,-0.019547417874677734
2024-02-01,181.77390231724044,184.69824158324056,181.6059517240919,184.6093292236328,64885400,0.013252552168356031
2024-02-02,177.6936236133024,185.07365019396585,177.09097033579843,183.61148071289065,102551700,-0.005419850950548092
2024-02-05,185.8837584690212,186.97051518171523,183.6015844473632,185.4194183349609,69668800,0.00979837781307439
2024-02-06,184.6093298683978,187.02981736340612,184.5204175084795,187.0199432373047,43490800,0.008594874335452581
2024-02-07,188.3437971267345,188.74886241631052,186.33824908078665,187.1286163330078,53439000,0.0005809088180584594
2024-02-08,187.1088468471974,187.257034106798,185.0934247416245,186.0517425537109,40962000,-0.00577134751459609
2024-02-09,186.61559077121817,187.9411516715375,185.9726064143956,186.81344604492188,45155200,0.004085683373416179
2024-02-12,186.3880527684402,186.6353567364104,184.77562606711916,185.1317443847656,41781900,-0.009042800730440372
2024-02-13,183.76663306878044,184.20189045877692,181.5309955827504,183.04449462890625,56529500,-0.011338440105991117
2024-02-14,183.3215042025078,183.5292310959524,180.472557481369,182.1641082763672,54630500,-0.004821288715017679
2024-02-15,181.57057328309747,182.5004386022798,179.3943014199978,181.87722778320312,65434500,-0.0015760877907702129
2024-02-16,181.44197861733377,182.8565652037317,179.7108507918506,180.3439483642578,49752500,-0.008466034996807946
2024-02-20,179.82955095197704,180.46264852115328,178.0588611409836,179.60203552246094,53665600,-0.0041223623858760265
2024-02-21,179.9779444437335,180.91769653606136,178.71174929095213,180.35385131835935,41371400,0.004177272363773047
2024-02-22,181.50132758611664,182.9653779737103,180.49233824441416,182.38172912597656,52292200,0.011181141545836798
2024-02-23,183.0148347964746,183.0445100670012,180.2648157032703,180.55169677734372,45119700,-0.010084757852946841
2024-02-26,180.2747302189796,180.7891116738245,178.70186529911302,179.2063751220703,40867400,-0.007479070138508732
2024-02-27,179.14699293032547,181.9365737231629,177.62359209867634,180.66049194335935,54318900,0.008081459386174042
2024-02-28,180.54180381169616,181.145226165725,178.18748003378263,179.46356201171875,48953900,-0.006647344579769926
2024-02-29,179.3151930681472,180.60117691942327,177.59395175081718,178.80079650878906,136682600,-0.0036998726957904533
2024-03-01,177.6137198257161,178.5831471920378,175.46712311031385,177.7225341796875,73563100,-0.006048780115544674
2024-03-04,174.25036500096817,174.9922768844708,171.91581500377694,173.21170043945312,81510100,-0.025708989014150096
2024-03-05,168.91851326517738,170.18470849670402,167.79080766540406,168.28541564941406,95132400,-0.02885310777132848
2024-03-06,169.2152850514215,169.39335177885377,166.8609461620447,167.29620361328125,68587700,-0.0058955249306707255
2024-03-07,167.32586658446218,168.88882954707424,166.67299554984157,167.177490234375,71765100,-0.000709851842310726
2024-03-08,167.1775154100546,171.8268279085278,167.118164861082,168.88885498046875,76267000,0.010184771927913155
2024-03-11,171.07499261235472,172.49946586057737,170.1945911039721,170.8870391845703,60139500,0.011761912922778691
2024-03-12,171.2826925976477,172.15320724471903,169.16577160118817,171.36183166503906,59825400,0.002774546977314029
2024-03-13,170.90682879160028,171.32229764254458,168.91849524765144,169.28451538085938,52488700,-0.012196473280178692
2024-03-14,171.04529732608134,172.43019332519782,170.19457118541428,171.1343231201172,72913500,0.010867941118833647
2024-03-15,169.3241083834579,170.7584686279297,168.45359343487303,170.7584686279297,121752700,-0.00219866959860223
2024-03-18,173.67665901704393,175.79358063684148,171.6487632139381,171.8466033935547,75604200,0.0063521442810608175
2024-03-19,172.45991109697533,174.7054356079408,171.1640405724947,174.18115234375,55215200,0.01349362491223746
2024-03-20,173.82501083363408,176.74319458007812,173.20180001631465,176.74319458007812,53423100,0.014601937888424382
2024-03-21,175.14068113790177,175.57593855649498,168.99764365136926,169.5219268798828,106181300,-0.041715520375260724
2024-03-22,169.90772263085665,171.18381963278856,168.22605856941686,170.422119140625,71160100,0.005296132557137255
2024-03-25,168.7305586050563,170.08577952012527,167.6226265638577,169.00753784179688,54288300,-0.008335096591697684
2024-03-26,168.16671829054096,169.57140318495337,167.75124938607289,167.87985229492188,57388400,-0.0066947579029263266
2024-03-27,168.5722593701728,171.72786002382026,168.2754916266955,171.44097900390625,60273300,0.020990502984775446
2024-03-28,169.8978451053126,170.37266455083602,168.67121185228598,169.63075256347656,65672700,-0.010615030626756759
2024-04-01,169.3438900607447,169.40324060587884,167.6523240532299,168.19639587402344,46240500,-0.008491711310148033
2024-04-02,167.25665862898902,167.51384937895554,166.41581891318202,167.0192413330078,49329500,-0.0070232963448910194
2024-04-03,166.96973884210524,168.83935621904524,166.76201196368757,167.82046508789062,47691700,0.004785724445045126
2024-04-04,168.4535689105981,170.06599565718972,166.9994354248047,166.9994354248047,53704400,-0.004904316066439356
2024-04-05,167.76110742740823,168.55248310289795,167.12800990586356,167.751220703125,42104800,0.00449162102284424
2024-04-08,167.20716991074772,167.37533481002382,166.4256959559663,166.6334228515625,37425500,-0.006685725776003379
2024-04-09,166.88071513080217,168.2458378687617,166.53449863101693,167.8402557373047,42373800,0.007216341375738444
2024-04-10,166.9796465317702,167.2665125006067,165.30786924976792,165.97064208984375,49709300,-0.011201750508412054
2024-04-11,166.52462961680425,173.56785829994772,166.34657796942244,173.15237426757812,91070300,0.04236106511985964
2024-04-12,172.38077455594663,176.43656618963917,172.33132583138607,174.64608764648438,101670900,0.008589586938637797
2024-04-15,173.46890241983837,174.72521085075485,170.63974431610336,170.82769775390625,73531800,-0.022106136851222192
2024-04-16,169.89781183493915,171.88613013777277,166.45534511410173,167.55337524414062,73711200,-0.019353474364328275
2024-04-17,167.78091646807815,168.80969440593617,166.1882781982422,166.1882781982422,50901200,-0.008180607034009486
2024-04-18,166.21793076697907,166.8213530127437,164.7538955996717,165.2386016845703,43122900,-0.005730851481718799
2024-04-19,164.41760010663418,164.60553846988037,162.3105651694999,163.22064208984375,68149400,-0.012287582237327016
2024-04-22,163.73501821268977,165.45624419964858,162.99310629576294,164.0515594482422,48116400,0.005077847369217371
2024-04-23,163.56685559955991,165.24851961582092,163.14148491226467,165.10012817382812,49537800,0.006371361971826747
2024-04-24,164.7439994721628,167.4742448528629,164.41757152765254,167.197265625,48251800,0.012622219333059393
2024-04-25,167.7017887376114,168.7701438382538,166.33666581552853,168.0579071044922,50558300,0.005134258559357363
2024-04-26,168.04799015720317,169.49223681731962,167.35552700029277,167.4742431640625,44838400,-0.0034790378726474256
2024-04-29,171.50034913417457,174.1316669492416,171.2332717193323,171.6289520263672,68169400,0.024505323638816134
2024-04-30,171.46079655206535,173.10289859543835,168.1667057400835,168.49314880371094,65934800,-0.0184398018777864
2024-05-01,167.75122238913238,170.84747276952126,167.28628974114312,167.4742431640625,50383100,-0.006065521761029665
2024-05-02,170.64963546996492,171.54982559320527,169.04711048582428,171.16403198242188,94214900,0.021792780788157683
2024-05-03,184.6371297001228,184.9833612803204,180.6901681758964,181.40240478515625,163224100,0.05809544632790745
2024-05-06,180.3835248162661,182.21356516877452,178.47433028646978,179.75042724609375,78569700,-0.009148420913207674
2024-05-07,181.4716631656838,182.90602327557747,179.36464345444207,180.4329833984375,77305800,0.0037900522301683613
2024-05-08,180.87814724687024,181.09577596912635,179.4932358239461,180.7693328857422,45057100,0.0018623888572123738
2024-05-09,180.5912712741972,182.6686309202814,180.1461270912472,182.57960510253903,48983000,0.009964455684641903
2024-05-10,183.1541015442068,183.34230991411323,180.4102677646858,181.3215789794922,50759500,-0.006914135978462808
2024-05-13,183.6890076137796,185.3333368917867,182.87674310968825,184.5210723876953,72044800,0.017491536159624073
2024-05-14,185.7394637127145,186.52201273815805,184.5309821431948,185.66021728515625,52393600,0.006154543868033868
2024-05-15,186.13568203158252,188.849800179078,185.6007724639543,187.9285888671875,70400000,0.01214382990868596
2024-05-16,188.6715262803227,189.29558246787192,187.86917696188,188.04747009277344,52845200,0.00063238723165845
2024-05-17,187.7205775912068,189.008305578226,187.3936917480989,188.07717895507807,41282900,0.00015797349331724686
2024-05-20,187.54228461702792,190.10782534306236,187.2252989090168,189.2361297607422,44361300,0.006143194123705713
2024-05-21,189.28565540299903,190.9101693246029,189.11726241831752,190.5337677001953,42309400,0.006833838059543284
2024-05-22,190.45454757387583,190.9993573729038,188.47343202447388,189.09747314453125,34648500,-0.007566824087504558
2024-05-23,189.1766947549615,189.19651013997455,184.8677780692908,185.11541748046875,51005900,-0.021283104219618033
2024-05-24,187.0370913918068,188.7804673088457,186.26444256610336,188.1861267089844,36327000,0.016451999933950412
2024-05-28,189.7016815997372,191.1776178733189,187.31444925751387,188.196044921875,52280100,5.2702883613831245e-05
2024-05-29,187.81962268312432,190.4346940804733,187.72056087959157,188.49319458007807,53068000,0.0015776915753285725
2024-05-30,188.9587703074631,190.3653603450464,188.83000809203267,189.4837646484375,49889100,0.005241442960889025
2024-05-31,189.6323431713606,190.7516780595243,188.1167913020161,190.4346923828125,75158300,0.005005967478579664
2024-06-03,191.07857147290116,193.14884852262287,190.7021698304424,192.19790649414065,50080500,0.009216290494351093
2024-06-04,192.80213237542048,193.4757194090645,191.2073340206378,192.51487731933597,47471400,0.001647831370599065
2024-06-05,193.5549597642067,195.040796246884,193.02996541617088,194.02052307128903,54156800,0.007790506978030903
2024-06-06,193.8422122853953,194.6445614945768,192.3365605546928,192.6436309814453,41181800,-0.007121932019251623
2024-06-07,192.81205951087668,195.08044521695948,192.3068805009325,195.03091430664065,53103900,0.012316070428191016
2024-06-10,195.04078477848907,195.4370168860641,190.3356361933404,191.2964782714844,97010200,-0.019333614081334095
2024-06-11,191.8214441512402,205.20388497447533,191.8016438848289,205.1939697265625,172373300,0.07013125874441369
2024-06-12,205.4119301648784,218.1207863262847,204.9463668712596,211.05812072753903,198134300,0.028177823663338864
2024-06-13,212.71236564129836,214.70338117421304,209.6020150722442,212.2170867919922,97862700,0.005476195818646134
2024-06-14,211.8307557867417,213.13828400218216,209.3048308005582,210.4835968017578,70122700,-0.008202019895466648
2024-06-17,211.35527186274084,216.88258512602053,210.71141546378877,214.6241149902344,93728300,0.01948047053860251
2024-06-18,215.5354139875743,216.56560230529576,210.9887584540523,212.26657104492188,79943300,-0.011045300309829717
2024-06-20,211.90998899500863,212.2170745602359,206.8779694770392,207.7001190185547,86172500,-0.021747591469657296
2024-06-21,208.40343403997312,209.8892705909824,205.15440599094305,205.53082275390625,241805100,-0.010499292153822693
2024-06-24,205.75863496180304,210.6916077953884,204.63929998769703,206.17466735839844,80727000,0.003127697564506877
2024-06-25,207.1751175381149,209.38407188516825,206.64022308060072,207.09588623046875,55549700,0.004458195193813493
2024-06-26,209.5029286499739,212.8312027309874,208.65104852463384,211.2364044189453,66213200,0.01979600186861469
2024-06-27,212.66284034706985,213.70292898101007,210.34493889866224,212.0784149169922,49772700,0.0039781815804793
2024-06-28,213.73263728250333,214.02980761283357,208.3142855019514,208.6312561035156,82542700,-0.016387719119548297
2024-07-01,210.0873668962765,215.4561875080808,209.91897391071572,214.703369140625,60402900,0.028689028232358145
2024-07-02,214.1090169642201,218.29908645117231,213.0689435868198,218.19012451171875,58046200,0.016109416412326223
2024-07-03,217.92267103394252,219.45803833007807,216.96182895702523,219.45803833007807,37369800,0.005794231409279226
2024-07-05,219.5571019247804,224.3117817727132,219.5571019247804,224.20281982421875,60412400,0.02139004292924958
2024-07-08,224.9457357840812,225.69856928044197,221.1419979904105,225.6688537597656,59085900,0.006517588064596643
2024-07-09,225.7777575544671,227.2338782488804,224.23249031501803,226.5206756591797,48076100,0.0037675481256786865
2024-07-10,227.134845857346,230.87915213144032,227.08531495764143,230.78009033203125,62627700,0.018629043166469215
2024-07-11,229.2051258414663,230.19568345608252,223.63819688403007,225.42120361328125,64710600,-0.02349459896186938
2024-07-12,226.7584454352943,230.44332094014865,226.5207061684713,228.36314392089844,53046500,0.012966430164942571
2024-07-15,234.24706826366577,234.9899864993383,230.8890784430144,232.18670654296875,62631300,0.01660471920461049
2024-07-16,232.78106107648213,234.03907359612091,230.13627381333595,232.60276794433597,43234300,0.001790322437735998
2024-07-17,227.28342096445024,229.27445126202852,224.4999567390704,226.71881103515625,57345900,-0.02562160830298622
2024-07-18,228.1055938101061,228.2640866473074,220.1712331922365,222.0631866455078,66034600,-0.020748565825697625
2024-07-19,222.6971648700337,224.65846466815103,221.17169771561296,222.1919708251953,49151500,0.0005797757488203434
2024-07-22,224.86647978572935,225.62921338494564,220.98349573063444,221.8452911376953,48201800,-0.001561489485852798
2024-07-23,222.25138924131517,224.7971293607533,220.57734458918785,222.8853454589844,39960300,0.004677241151260355
2024-07-24,221.8849069457516,222.67735606492835,215.0797809310421,216.47645568847656,61777600,-0.029175701495884113
2024-07-25,216.86277641061952,218.76466037633443,212.59347540961957,215.43638610839844,51391200,-0.0048161179284111726
2024-07-26,216.6349499920164,217.417498981548,213.9703475571551,215.9019470214844,41601300,0.0021586817498781058
2024-07-29,214.91139345300465,217.22929471632008,213.7128120512828,216.17930603027344,36311800,0.001283828191691485
2024-07-30,217.1203409396055,218.2495760935564,214.0793215979517,216.7340240478516,41643800,0.0025627222939643007
2024-07-31,219.34909118598728,221.70662325926872,218.54674189777583,219.9830474853516,50036300,0.014879580369378191
2024-08-01,222.2514024343897,222.36036437427163,214.97081319041695,216.29815673828125,62501000,-0.016892675359117447
2024-08-02,217.0806788194536,223.4697870434651,215.6542886583774,217.7839813232422,105568600,0.0068458490111391965
2024-08-05,197.21012147966275,211.4840610296135,194.14930192882557,207.29400634765625,119548600,-0.049365554066266124
2024-08-06,203.3615005314145,208.0072186015693,199.17144565753836,205.2732696533203,69660500,-0.00979599193276097
2024-08-07,204.9463646139573,211.62272838414276,204.441185671316,207.83880615234372,63516400,0.012420694683526405
2024-08-08,211.097744151489,212.17744837655164,206.8581585633277,211.2958526611328,47161100,0.01649648786658234
2024-08-09,210.09730322074367,214.7331062003749,209.9685258775167,214.19821166992188,42201600,0.01364251239721484
2024-08-12,214.27753840147545,217.68898821235916,213.81143620679725,215.7254180908203,38028100,0.0071045773667172156
2024-08-13,217.19312608520667,220.04923895369575,217.19312608520667,219.43438720703125,44155300,0.017046882034187326
2024-08-14,218.7402072098891,221.17979111862687,217.8774142480331,219.8806610107422,41960600,0.0020316807222032765
2024-08-15,222.73677426147512,223.48055242779947,220.9120269929499,222.85577392578125,46414000,0.013439859306690529
2024-08-16,222.0623936904576,224.94825642777528,221.79462933024132,224.1747283935547,44340200,0.005900976726473976
2024-08-19,223.84746435464615,224.11522871504155,221.18968933533225,224.01605224609372,40687800,-0.0007080741547789493
2024-08-20,223.89708417115403,225.2854641390349,223.57973153152028,224.6309356689453,30299000,0.0027410584464095298
2024-08-21,224.64085012661383,226.08872985229075,223.1830436738614,224.52183532714844,34765500,-0.0004858050578230463
2024-08-22,225.90029338876204,226.4457337259973,222.04256465043304,222.66734313964844,43695300,-0.008294041572725211
2024-08-23,223.78797197411373,226.32673228874265,222.46900358067504,224.9581756591797,38677300,0.010235576050047969
2024-08-26,224.87883517993083,225.39452559231563,222.0326490158817,225.29534912109372,30602200,0.0014977052099940057
2024-08-27,224.12514736512037,226.95151036486345,223.02435510684415,226.1383056640625,35934600,0.003734579882406219
2024-08-28,226.0292136907944,227.95312221094204,223.80779089178384,224.611083984375,38052200,-0.00677639308609722
2024-08-29,228.19113851748887,230.9877364442669,226.98125820388415,227.8836975097656,51906300,0.014465009195904625
2024-08-30,228.28038060324323,228.4886300006117,225.59285569982603,227.10025024414065,52990800,-0.0034438491459128345
2024-09-03,226.65401607692849,227.1002799762046,219.3352336528565,220.9219665527344,50190600,-0.027582004378230524
2024-09-04,219.82114598403248,219.94014563997789,215.67581475954933,219.0178680419922,43840200,-0.008656230923225493
2024-09-05,219.79140861107143,223.6094607351492,219.6823205428289,220.53518676757807,36615400,0.006903943611920642
2024-09-06,222.09215251756703,223.37145940933704,217.946836225884,218.98812866210935,48423000,-0.00703973800812682
2024-09-09,218.9881275735273,219.4343914347755,214.9122227273444,219.07737731933597,67180000,0.00040746718124481506
2024-09-10,217.1038662465979,219.6426263973432,214.93203178151688,218.28399658203125,51591000,-0.0036280369273441505
2024-09-11,219.6228241682371,221.2392917639212,216.0824328240824,220.8128662109375,44587100,0.011518632009311315
2024-09-12,220.65420216028613,221.6954946800681,217.99644195502805,220.9219665527344,37455600,0.0004939630562194655
2024-09-13,221.72521710949164,222.18139254741288,220.06907298412548,220.6541748046875,36766600,-0.0012128906242661372
2024-09-16,214.7436126542421,215.41797935337752,212.14535259122516,214.52545166015625,59357400,-0.02816826893274261
2024-09-17,213.96018092212807,215.1006346980314,212.72055067344832,214.99154663085935,45519300,0.0021703222713488186
2024-09-18,215.7452565018275,220.86245391858552,215.7353297749969,218.8592071533203,59894900,0.01782992400474443
2024-09-19,223.12352684243388,227.913459803403,222.7665127356472,226.9713287353516,66781300,0.036395071010196824
2024-09-20,228.06223610833692,231.15634864169297,225.73172498083707,226.30691528320312,318679900,-0.0029315941665424596
2024-09-23,225.4540253555904,227.54652178723228,223.9367191660146,224.59124755859372,54146000,-0.00761003767989223
2024-09-24,226.75314473243893,227.4473497336745,223.85737047004787,225.4837646484375,43556100,0.003966086699176552
2024-09-25,223.064024182576,225.4044467600896,222.1615848378298,224.49208068847656,42308700,-0.004407727995975876
2024-09-26,225.4143769570366,226.60441901953837,223.54005654723983,225.63255310058597,36636700,0.005067373642518301
2024-09-27,226.56473891662023,227.6159429044405,225.41435845997736,225.90028381347656,34026000,0.001185874968014115
2024-09-30,228.13164162372897,231.0670928955078,227.7448775670891,231.0670928955078,54541900,0.022614433944855825
2024-10-01,227.61592740519507,227.74483864724095,221.883878964708,224.33338928222656,63285000,-0.029574823408482602
2024-10-02,224.01605029183685,225.48376819979168,221.16986421787885,224.89866638183597,32880600,0.0025166387430698494
2024-10-03,223.27228007150777,224.928424248049,221.4673863197881,223.79788208007807,34044200,-0.004906596736483008
2024-10-04,226.00938361911108,226.10856009308668,222.27066963907552,224.91851806640625,37245100,0.004994862304227056
2024-10-07,222.63760820325265,223.81773870352316,219.4939074890314,219.85092163085935,39505400,-0.02278850698065964
2024-10-08,222.43925780658088,224.1053136194961,221.3979653574062,223.8970642089844,31855700,0.018236723747800467
2024-10-09,223.36154504729691,227.8440525155232,222.96486939830248,227.6357879638672,33591100,0.016560519050442486
2024-10-10,225.89038125247492,227.59611368544336,225.285441085757,227.13992309570312,28183500,-0.0021807016188889632
2024-10-11,227.39775944467095,227.5068475039757,225.4540126967509,225.6622772216797,31759200,-0.0065266958435751385
2024-10-14,226.80274288926017,229.8076053434174,226.70358155060512,229.3811798095703,39882100,0.016345627351754537
2024-10-15,231.67203496624023,235.51985237359267,230.4423162246621,231.91004943847656,64751400,0.010964418151688391
2024-10-16,229.6786782577772,230.1943535005289,227.93326933706737,229.857177734375,34082200,-0.008891428875232692
2024-10-17,231.49350124327563,231.91003031839952,228.60765355789445,230.22412109375,32993800,0.0015951243317844624
2024-10-18,234.2206797118992,234.2206797118992,232.0686835146529,233.05047607421875,46431500,0.012201791612057313
2024-10-21,232.5050605584077,234.8851598599691,232.5050605584077,234.51821899414065,36254500,0.006278212191875191
2024-10-22,231.949707496782,234.2603802258017,230.67041566655348,233.9033660888672,38846600,-0.002625213175357275
2024-10-23,232.13812257917172,233.18932661738796,225.87054472777703,228.8456573486328,52287000,-0.021860273684962434
2024-10-24,228.07209441058475,228.9051373175465,226.51512691244304,228.6572113037109,31109500,-0.0008238027277706078
2024-10-25,227.8341207497304,231.2852470135028,227.665532857223,229.49026489257807,38802300,0.003636621613105578
2024-10-28,231.38442210065008,232.78271346714027,230.6208056596869,231.4637451171875,36087100,0.00856264286464684
2024-10-29,231.1662580738538,232.3860500186716,230.3927299983884,231.7315216064453,35417200,0.0011562144016839257
2024-10-30,230.68031899274527,231.5331852263952,227.64570650368097,228.19114685058597,47070900,-0.015395825994588379
2024-10-31,227.43745763164225,227.92339818004348,223.5003904002425,224.03591918945312,64370100,-0.018377248579785573
2024-11-01,219.13688241025088,223.4805517303345,218.4426924836225,221.060791015625,65276700,-0.013368656362983022
2024-11-04,219.15670083339904,220.94175615916865,217.88732075932975,220.1682281494141,44944500,-0.004045808616113133
2024-11-05,219.9600075033543,222.0921656056809,219.30547906118855,221.5963134765625,28111300,0.006465391253624277
2024-11-06,220.7632721624041,224.19457534628128,219.35505401685137,220.8723602294922,54561100,-0.003272339653004405
2024-11-07,222.7665171269793,225.9895557457087,222.7070172967094,225.5928649902344,42137700,0.021146913161772897
2024-11-08,225.53329235935945,227.0125627173092,224.77877343219785,225.32481384277344,38328800,-0.0011889140373881894
2024-11-11,223.3789433198207,224.07389700260043,219.90415975706796,222.61448669433597,42005600,-0.012101462056794224
2024-11-12,222.93218846295187,223.96468891324545,221.75075962779928,222.61448669433597,40398300,0.0
2024-11-13,222.3960739824012,225.0170530189228,221.1550798335016,223.49807739257807,48566200,0.003961295533033404
2024-11-14,223.3987876531247,227.2210402122622,223.3789275067786,226.5757293701172,44923900,0.013676423300571445
2024-11-15,224.768828738636,225.28508648780172,222.65418524957263,223.37892150878903,47923700,-0.014209706002101785
2024-11-18,223.62713486361545,228.08479108540536,223.54770942404784,226.37718200683597,44633700,0.013333026016122185
2024-11-19,225.34467799276683,228.501774994788,225.02699136706505,226.63531494140625,36211800,0.0011396284395984526
2024-11-20,226.4168829534927,228.27340522879027,224.2625190725532,227.35011291503903,35169600,0.0031489934277345462
2024-11-21,227.230987838277,228.50176458087773,224.0838286281757,226.8735809326172,42108300,-0.002098226771109532
2024-11-22,226.41689485035167,229.0577339975617,226.41689485035167,228.2138519287109,38168300,0.005890186255613637
2024-11-25,229.79240040372403,231.5694972757357,228.08479132337305,231.19223022460935,90152800,0.012966393525867346
2024-11-26,231.6489234928732,233.87279036398945,231.6489234928732,233.366455078125,45986200,0.009360456697545075
2024-11-27,232.780718878382,233.99193037541465,232.125470334311,233.2373962402344,33498400,-0.0005531837802755922
2024-11-29,233.11826871739837,236.09665470361549,232.28432427698263,235.6201171875,28481400,0.010164032320038398
2024-12-02,235.56052304560976,239.05515126765505,235.4513149668676,237.86380004882807,48137100,0.009477405984956121
2024-12-03,238.0822139315433,241.01095673492532,237.17876666593097,240.90174865722656,38861000,0.012690927284726298
2024-12-04,241.12017980186528,242.35125137710352,239.51185632927687,241.25917053222656,44383900,0.001482583619884466
2024-12-05,242.2321233137982,242.7781485930641,240.38552350615552,241.28895568847656,40033900,0.00012344947444362737
2024-12-06,241.15989600483465,242.867505033938,240.33587413565132,241.09039306640625,36870600,-0.0008232634079286868
2024-12-09,240.0876781705053,245.45870413211117,240.0082527322972,244.97222900390625,44649200,0.0159729149835866
2024-12-10,245.11122909402772,246.42172615122828,243.5723933612922,245.98489379882807,36914800,0.004125273609466796
2024-12-11,246.17350623578653,248.9930409884295,244.48574226451257,244.71409606933597,45205800,-0.005179552421281
2024-12-12,245.11123992691697,246.94791735826735,243.90995090472452,246.1735382080078,32777500,0.00594615279282796
2024-12-13,246.0345210589055,247.49391610940148,244.46590277835176,246.34228515625,33155300,0.0006852448057104017
2024-12-16,246.2032946496481,249.56886987487528,245.86573275817128,249.23130798339844,51694800,0.011659441082009413
2024-12-17,248.2782044470958,252.001186132395,247.9803628825016,251.65370178222656,51356400,0.009672530172516607
2024-12-18,250.3432677271904,252.4479889260113,245.95511429725676,246.26287841796875,56774100,-0.02165436632806875
2024-12-19,245.71683140567848,250.184410158509,245.3097817058068,247.9903259277344,60882300,0.00699016021949323
2024-12-20,246.2529371403228,253.16279902630112,243.919877297432,252.65647888183597,147495300,0.01864103806497716
2024-12-23,252.93446477293037,253.80811434244583,251.6239676953758,253.4308624267578,40858800,0.0030602786755382907
2024-12-24,253.64927033575188,256.34965954757746,253.45069916161225,256.3397521972656,23234700,0.011412667816929753
2024-12-26,256.329771467171,258.2260137599804,255.77380863027116,257.1537780761719,27237100,0.0031705426176572324
2024-12-27,255.9724022209019,256.8361595932908,251.23677948504653,253.74855041503903,42355300,-0.01333044653374187
2024-12-30,250.4127477342041,251.673601973938,248.9434149702759,250.38296508789065,35557500,-0.013352211577002364
2024-12-31,250.6212497119267,251.4551941340452,247.63292614272083,248.6157989501953,39480700,-0.007082877365050706
2025-01-02,247.1365264348607,247.3053149666319,240.0777664039773,242.0931396484375,55740700,-0.02658620205575079
2025-01-03,241.60665893554688,242.4207431843357,240.14724866814672,241.60665893554688,40244100,-0.0020114991916270852
2025-01-06,242.549801627174,245.54804748087852,241.4477983095151,243.23483276367188,45045600,0.00671633916018187
2025-01-07,241.22940732447117,243.78089861816605,239.6111612224788,240.4649658203125,40856000,-0.011452959990570175
2025-01-08,240.17700647488417,241.95411831821167,238.32048434869316,240.95138549804688,37628900,0.002020786547569736
2025-01-10,238.2807606174901,238.4296889806259,231.32127200767005,235.1435394287109,61710900,-0.024399059459665424
2025-01-13,231.84748509521597,232.9792711307645,228.06493742769467,232.71121215820312,49630700,-0.010397881721473034
2025-01-14,233.05869925952223,234.41882398797216,230.79512716232853,231.5992889404297,39435300,-0.004789576547470826
2025-01-15,232.94949481929564,237.2383779015073,232.74100113522096,236.15621948242188,39832000,0.019484857506042487
2025-01-16,235.63998458586752,236.29521800986595,226.38712456587973,226.61546325683597,71759100,-0.04123894640770008
2025-01-17,230.44764042021455,230.6164138035219,226.833866130533,228.32305908203125,68488300,0.007506965273630871
2025-01-21,222.38615194982364,222.80312416686704,217.79944241349196,221.03594970703125,98070400,-0.032436195214404134
2025-01-22,218.2064601780486,222.5052654056773,218.2064601780486,222.2173614501953,64126500,0.005330651846216455
2025-01-23,223.1208199792776,225.394314538592,220.69839703644928,222.0485992431641,60234800,-0.0007597350689900114
2025-01-24,223.160517277336,224.00439930767484,219.81480209957203,221.1749267578125,54697900,-0.003942361204519049
2025-01-27,222.4059977899183,230.47741293083345,222.36627749626695,228.20391845703125,94863400,0.03128569621418259
2025-01-28,229.1867945454765,238.4594987479956,229.147074251248,236.54339599609372,75707600,0.03589207525000086
2025-01-29,232.43324490532584,238.131895727024,232.32403680973889,237.635498046875,45486100,0.004606295200039061
2025-01-30,236.9504709477128,239.0551923005359,235.50099817981376,235.8782501220703,55658300,-0.007422196287554789
2025-01-31,245.40906406001392,245.40906406001392,231.7581291617668,234.2996826171875,100959800,-0.006714791682978825
2025-02-03,228.33299411580023,230.15973381299625,224.0738938399255,226.36724853515625,73063300,-0.03444231699540432
2025-02-04,225.61272492539547,231.45036595591677,225.0170417043348,231.12274169921875,45067300,0.02079024483569272
2025-02-05,226.88350440739825,230.9936762657329,226.625383087866,230.7951202392578,39620300,-0.00141852715339146
2025-02-06,229.62360070928509,232.11552641696264,228.76979621063217,231.53970336914065,29925300,0.0032209720557260426
2025-02-07,230.92419948813392,232.31410688860944,225.622660920367,225.9900054931641,39707200,-0.024260588842492763
2025-02-10,228.16659197494192,229.1803455563177,225.81107002878403,226.25831604003903,33115600,0.0011865630698001733
2025-02-11,226.80497424991785,233.79199753404615,226.7354100570617,231.1979522705078,53718400,0.021596941914903734
2025-02-12,229.78663009476247,235.51142789245532,229.26980470124647,235.4219665527344,45243300,0.01810522653198019
2025-02-13,235.4617298072221,240.85852795215615,234.1299251101732,240.0534820556641,53614100,0.019482234085515703
2025-02-14,239.77517912233392,244.048895192642,239.5167740261789,243.10470581054688,40896200,0.012630498229147979
2025-02-18,242.6574585849239,243.6811607859394,240.36158248040348,242.9755096435547,48822500,-0.0005315837424646738
2025-02-19,243.16435439309652,244.5060925083624,241.6735241546838,243.37306213378903,32204200,0.001634846288649014
2025-02-20,243.4426507707668,245.2713989598738,242.7966152101895,244.32720947265625,32316900,0.003912848164251638
2025-02-21,244.44646835255205,247.16972378813352,243.7209351965304,244.0489196777344,53197400,-0.0011396536744187901
2025-02-24,243.43269920852308,247.33868242018207,242.92582237394555,245.5894470214844,51326400,0.006292531516075729
2025-02-25,246.48393846255715,248.47171215983585,243.41283173998391,245.52980041503903,48013300,-0.00024290070914535707
2025-02-26,242.83637220684057,243.48239258336395,237.66816369812489,238.89064025878903,44433600,-0.027412451412643184
2025-02-27,237.94645181292125,240.9778097055873,235.61081167459412,235.84934997558597,41153600,-0.012812621440494654
2025-02-28,235.50149647860903,240.61007450668035,228.79275994472408,240.36160278320312,56833400,0.01895121407046781
2025-03-03,240.3118838035197,242.5381957053339,234.66661403302143,236.5748748779297,47184000,-0.01587971419994862
2025-03-04,236.25684921580157,238.6024227827577,233.2453581153048,234.4877166748047,53798100,-0.008861547907772136
2025-03-05,233.98082285378285,235.1039197629907,227.82866128733943,234.2988739013672,47227600,-0.000805666320020764
2025-03-06,233.00682927336524,236.4059203890797,231.73465535282327,233.89138793945312,45170400,-0.0017406857767680698
2025-03-07,233.6727371800736,239.89446338205195,233.3248707174565,237.6085357666016,46273600,0.015767658286874184
2025-03-10,234.10009611136832,234.71631625547707,222.84930513729452,226.08937072753903,72071200,-0.0496941449854956
2025-03-11,222.4418047589131,224.4593937721428,216.1206840338927,219.48995971679688,76137400,-0.029623876941397523
2025-03-12,218.79423505763876,220.39439337943787,213.5962114465992,215.65354919433597,62547500,-0.01763330877798737
2025-03-13,214.6298526174969,215.5144112677834,207.14588618522245,208.39817810058597,61368300,-0.034222613560581025
2025-03-14,209.9585940343847,212.6420854575803,208.2988048386841,212.18490600585935,60107600,0.018007525147731917
2025-03-17,212.00600336087763,213.9043309003415,208.68642489319868,212.69178771972656,48073400,0.002386019105446205
2025-03-18,212.8507852105428,213.8347233648863,210.1971094678613,211.3897705078125,42432400,-0.006140428781601922
2025-03-19,212.91044076829724,217.4226803637017,212.443312738742,213.92420959472656,54385400,0.01191810852687938
2025-03-20,212.6818400591608,216.16044383082547,210.9226561911479,212.79116821289065,48862900,-0.005310537672554491
2025-03-21,210.26669685360037,217.5021918152461,209.9884097524224,216.9356842041016,94127800,0.019289669605934746
2025-03-24,219.64899945464327,220.1260609084734,217.2437950361324,219.38064575195312,44299500,0.011207406057225274
2025-03-25,219.4204082670252,222.73005335992565,218.73462390108503,222.38218688964844,34493600,0.01358913473759877
2025-03-26,222.1436424317859,223.64442126802376,219.12223310716143,220.17575073242188,34466100,-0.00997136985447036
2025-03-27,220.03661426059983,223.61461307047796,219.21168633594712,222.4815826416016,37094800,0.010418229142255814
2025-03-28,220.31488968867507,222.44180687800483,216.34927581514728,216.56793212890625,39818600,-0.026940051042638257
2025-03-31,215.683368745432,224.24073468961828,214.908138255618,220.77207946777344,65299300,0.019226582228283634
2025-04-01,218.46624988397505,222.31258685550367,217.5618092777705,221.8255920410156,36412700,0.004760596951724679
2025-04-02,219.9670353213626,223.8133724100327,219.66886624627367,222.5213165283203,35905900,0.003131449965822007
2025-04-03,204.28348559152053,206.2215769781628,200.0197179050274,201.94786071777344,103419000,-0.09701335281380875
2025-04-04,192.70471987275084,198.65810753704545,186.19475800144227,187.22840881347656,125910900,-0.07568023981329257
2025-04-07,176.11674047268428,192.96311894309864,173.55251067175698,180.3507080078125,160466300,-0.03742597592669961
2025-04-08,185.55866963100107,189.176417114886,168.175598539417,171.365966796875,120859500,-0.0511019067487591
2025-04-09,170.89882177160354,199.383619356675,170.8391909937331,197.63438415527344,184395900,0.14261735272251114
2025-04-10,187.9142126464653,193.58929863014052,181.88131158917145,189.2559509277344,121880000,-0.04331844243927671
2025-04-11,184.96233608452025,198.32016168749277,184.92257212057936,196.93865966796875,87435900,0.039791971388108964
2025-04-14,210.14743595954587,211.638266220138,199.9302804535287,201.28196716308597,101352900,0.021814438723068853
2025-04-15,200.6259945192588,202.26590170954893,198.57859009217825,200.9042816162109,51343900,-0.0018781629607928306
2025-04-16,197.1473753495745,199.4730666932086,191.193988287298,193.08238220214844,59732400,-0.03971163515171121
2025-04-17,195.9944894564487,197.61452992177487,193.2314851467638,195.7758331298828,52164700,0.013853347557471566
2025-04-21,192.0885304389909,192.6152892965427,188.6496750021232,191.9792022705078,46742500,-0.01958325152299776
2025-04-22,194.921085932704,200.3576482646354,194.77200897005903,198.5189666748047,52976400,0.033497600908839256
2025-04-23,204.7406939661261,206.72846769395252,201.56025903470572,203.3492584228516,52929200,0.024040339983121523
2025-04-24,203.6374545221256,207.55337072286264,201.69937840299403,207.0961761474609,47311000,0.018258318888437167
2025-04-25,205.10842646651813,208.46776890662989,204.9394675201618,208.00064086914065,38222300,0.004357856364999782
2025-04-28,208.71623364812055,210.2070638884643,206.1917677806294,208.8553771972656,38743100,0.0041008765086057485
2025-04-29,207.41425458581944,210.94255602883885,207.096203506044,209.9188537597656,36827600,0.005079008067031125
2025-04-30,208.02050829648644,212.2743425468257,205.40658118436116,211.2009429931641,52286500,0.006088971378046705
2025-05-01,207.80185982414437,213.2483553954001,207.62295230903425,212.0159454345703,57365700,0.003851469405675724
2025-05-02,204.83013207172812,205.7246393133032,200.92416412992952,204.09466552734372,101010600,-0.03807755324706057
2025-05-05,201.85843431656065,202.8523212109494,196.99832800962005,197.67416381835935,69018500,-0.03196389504538142
2025-05-06,196.9983091053983,199.42338015596505,195.81558138809012,197.2964630126953,51216500,-0.0019125519475999846
2025-05-07,197.9524407308952,198.2207944248892,192.0686324392914,195.05029296875,68536700,-0.011450047947276118
2025-05-08,196.51131984408343,198.82707814993435,193.48989516366865,196.28273010253903,50478900,0.006298682378986091
2025-05-09,197.7834732241415,199.31405222350435,196.3323918231404,197.31634521484372,36453900,0.005252133722544964
2025-05-12,209.95526516858175,210.2538252478288,205.75556156059076,209.776123046875,63775800,0.06123262724825964
2025-05-13,209.4178776391113,212.37359390520237,207.9947628663851,211.9058532714844,51909300,0.010101206373485295
2025-05-14,211.40822571910564,212.9109724892217,209.56713314477625,211.3087158203125,49325800,-0.0028219153641804227
2025-05-15,209.93535780893237,211.93569971673276,208.53213606160296,210.43295288085935,45029500,-0.004153083573271982
2025-05-16,211.33858120774948,211.54757782116647,208.7610423595207,210.24386596679688,54737900,-0.0008989652784504231
2025-05-19,206.90999202317107,208.4724326946764,203.2775387890809,207.7758026123047,46140500,-0.011808497154382657
2025-05-20,206.67113760639387,207.46729276724128,204.0438362053752,205.8650360107422,42496600,-0.009238837244430798
2025-05-21,204.1831685508297,206.0441693385156,199.74462882701684,201.11798095703125,59211800,-0.02332908328372771
2025-05-22,199.7446272097534,201.7748084903006,198.7394754118135,200.39149475097656,46742400,-0.0036187788474254367
2025-05-23,192.738469754576,196.74908474491085,192.52948833207407,194.33078002929688,78432900,-0.03071116813736846
2025-05-27,197.34622283817183,199.77448939448533,196.4803970243206,199.24703979492188,56288500,0.024983702011514636
2025-05-28,199.6251894151235,201.7548957380012,198.9385057789635,199.4560089111328,45339700,0.0010482444818219235
2025-05-29,202.60081106845576,202.8297005493605,197.5551897560925,198.9882659912109,51396800,-0.0023478471859157473
2025-05-30,198.4110493394953,200.9886032908641,195.83351057352263,199.88394165039065,70819900,0.004491048247860381
2025-06-02,199.31669015009305,201.15779807678396,199.15745607510848,200.7298583984375,35423300,0.004223109664034628
2025-06-03,200.38156440883068,202.7899230095772,199.9934408158467,202.29232788085935,46381600,0.007753802960581704
2025-06-04,201.93404589483336,205.248031062868,201.1279442674136,201.844482421875,43604000,-0.0022163071063364126
2025-06-05,202.52119947175677,203.76518718349973,199.18730633012683,199.66500854492188,55126100,-0.010856506920465105
2025-06-06,202.0236053289331,204.7106157617459,201.07817770068,202.93917846679688,46607700,0.01626531572126686
2025-06-09,203.4069099948636,205.0091667110405,199.05793398755327,200.4810485839844,72862600,-0.012186599183530416
2025-06-10,199.63513956616535,203.36710243054736,199.605285078082,201.69517517089844,54672600,0.006037802354387632
2025-06-11,202.5212126953003,203.5164029296752,197.4556980468273,197.82391357421875,60989900,-0.01938021422813731
2025-06-12,198.12247961063645,198.7195846578917,196.41075114145443,198.2418975830078,43904600,0.0021106803576070718
2025-06-13,198.769334334526,199.4062554549193,194.7587190445596,195.50511169433597,51447300,-0.013901464127281748
2025-06-16,196.3510442175849,197.7343580918765,195.61459794763024,197.4656524658203,43020700,0.009978131793643446
2025-06-17,196.2515147499311,197.43579358003367,194.27109586617132,194.6990203857422,38856200,-0.01410977668932483
2025-06-18,194.9975546383106,196.6197193940347,194.13174409281177,195.6344757080078,45394700,0.0047931172833160654
2025-06-20,197.28649906078425,200.7298484455588,195.9131318065836,200.03321838378903,96813500,0.022235446429914915
2025-06-23,200.6601870689569,201.32696262150705,198.00303129313016,200.5308074951172,55814300,0.0024844436101423887
2025-06-24,201.61555699715424,202.4614746491071,199.2370532858301,199.33657836914065,54064000,-0.005973143691525728
2025-06-25,200.48105886821315,202.690382284235,199.65504919597095,200.5905303955078,39525700,0.006270923416463816
2025-06-26,200.4611428555203,201.66532960796235,198.50063224789568,200.03321838378903,50799100,-0.0027822233350804208
2025-06-27,200.91895566349635,202.2425604964941,199.03804672932017,200.11285400390625,73188600,0.0003980327518568115
2025-06-30,201.03836190454115,206.3924899085516,198.3015889216639,204.18316650390625,91912800,0.02013598858760702
2025-07-01,205.6759567295316,209.17903048404247,205.14850713857425,206.8204345703125,78788900,0.012833484940532585
2025-07-02,207.90519262679368,212.313878014992,207.13889190503232,211.418212890625,67941800,0.02198727246252242
2025-07-03,211.1295823572572,213.6175577099725,210.7912213537831,212.5228576660156,34955800,0.005211324649086169
2025-07-07,211.65703516300363,215.18996325511677,207.7957076824449,208.94017028808597,50229000,-0.017001603648316783
2025-07-08,209.08945658408672,210.4130461204056,207.4473837253886,208.9998779296875,42848900,0.0002857234776249189
2025-07-09,208.52217876921287,210.3135239719546,206.22329208627588,210.1244354248047,48749400,0.005366236975017289
2025-07-10,209.49746585002455,212.4531817093425,209.01977884626092,211.38833618164065,44443600,0.005996992878385587
2025-07-11,209.55718962168865,211.1096837700706,208.8505979590809,210.14434814453125,39765800,-0.005902231047291055
2025-07-14,208.92025854176603,209.89555581124029,206.5417547175356,207.61656188964844,38840100,-0.01210174070414454
2025-07-15,208.2136890556617,210.87084499335575,207.9151289669034,208.10421752929688,42296300,0.002346074035577385
2025-07-16,209.28848066940537,211.37837076419683,207.63646146204945,209.14915466308597,47490500,0.005008656072899613
2025-07-17,209.55721484346455,210.78129457926272,208.5819174807461,209.0098571777344,48068100,-0.0006662417241275338
2025-07-18,209.8557390930104,210.77131219576944,208.69136845628208,210.16424560546875,48974600,0.005507932567823463
2025-07-21,211.07983063398711,214.74212298846783,210.61209006251647,211.4579925537109,51377400,0.006137015041786158
2025-07-22,212.1148250502387,213.91611676733493,211.20919838168209,213.36875915527344,46404100,0.008995570447672702
2025-07-23,213.9658669821171,214.1151394198069,211.3883283220368,213.1199493408203,46989300,-0.001166782790370243
2025-07-24,212.87116805528336,214.65256693634575,212.50295255730364,212.7318420410156,46022600,-0.0018227346467093073
2025-07-25,213.66733592091677,214.20474714033003,212.37358560556336,212.85128784179688,40268800,0.0005613277196889844
2025-07-28,213.00053872316795,213.8166019050196,212.03520309848784,213.02044677734372,37858000,0.0007944126397321943
2025-07-29,213.14983725799084,213.77681196541133,209.80601264614248,210.25384521484372,51411700,-0.01307256790175664
2025-07-30,210.88079278566187,211.36844143995228,206.7209051278188,208.0445098876953,45512500,-0.010563540806898137
2025-07-31,207.48718253646683,208.83068001568543,206.16357792510368,206.5716094970703,80698400,-0.007104917140161617
2025-08-01,209.8557561748323,212.5527283441607,200.530828701964,201.40660095214844,104434500,-0.025321374432513664
2025-08-04,203.52634207300895,206.88014336875773,200.70995198839023,202.37193298339844,75109300,0.0047815016861833684
2025-08-05,202.42167200915333,204.35234334482283,201.18764593221573,201.9439849853516,44155100,-0.0021168998737876696
2025-08-06,204.6409599471833,214.3440641251077,204.60114383647723,212.22430419921875,108483100,0.04965339712597939
2025-08-07,217.82724748801397,219.78777350172425,215.53830686848735,218.97171020507807,90224800,0.03129879030750672
2025-08-08,219.7678474336444,229.88892965735025,218.1954451401473,228.2468719482422,113854000,0.0414852705561266
2025-08-11,227.08116933177635,228.71513292468896,223.9327956372812,226.3438873291016,61806100,-0.008372346759315669
2025-08-12,227.17081559543823,229.95055565919736,226.23428798669784,228.8047790527344,55626200,0.010813678632284239
2025-08-13,230.21959074533876,234.1351197052745,229.5819315694875,232.4712677001953,69878500,0.015897490850946598
2025-08-14,233.1985820425246,234.2546784716922,230.00040438081012,231.9232940673828,51916300,-0.0023599496301109036
2025-08-15,233.1387895567921,233.417757832359,228.4959365092947,230.73765563964844,56038700,-0.005125312710867787
2025-08-18,230.8472385776313,232.2620105258568,229.26309412883964,230.04022216796875,37476200,-0.0030272026408998485
2025-08-19,230.42880766374827,232.0129522601839,228.50591803460907,229.71145629882807,39402600,-0.0014301891241651182
2025-08-20,229.13358225147155,229.6217843388592,224.939085159242,225.17819213867188,42263900,-0.019931929674317703
2025-08-21,225.43723377620464,225.6863136691638,222.95639256938463,224.072265625,30621200,-0.004923439602806354
2025-08-22,225.33760837029212,228.2468598588307,224.58041092619504,226.9217529296875,42477800,0.012636643084641422
2025-08-25,225.6464693442017,228.456098045362,225.3973894325087,226.323974609375,30983100,-0.002637768568326629
2025-08-26,226.03501179732245,228.64537936019505,223.8630424721864,228.46603393554688,54575100,0.009420062560733886
2025-08-27,227.7686378094015,230.050203138926,227.41991984776428,229.6417236328125,31259500,0.005132819774613846
2025-08-28,229.9704999102399,232.55096405412047,228.4959359400532,231.7040863037109,38074700,0.00894069639109968
2025-08-29,231.65426265633036,232.52107103838583,230.51845893056876,231.2856292724609,39418400,-0.0018076304121467212
2025-09-02,228.4062708029861,230.00038826150748,226.1346633063032,228.87454223632807,44075600,-0.01047943412120275
2025-09-03,236.33698891571112,237.9709525201245,233.49747185558655,237.59234619140625,66427800,0.03738237103756892
2025-09-04,237.57241502764157,239.01707546456905,235.86871695735925,238.89752197265625,47549400,0.005478307652190442
2025-09-05,239.1167027112504,240.43185187342493,237.61226559630575,238.80784606933597,54870400,-0.0003754444072555815
2025-09-08,238.41928864081729,239.2661511981365,235.4701758698508,237.0045166015625,48999500,-0.0075800388713424295
2025-09-09,236.1277284647933,237.9011760108924,232.5011259859287,233.48748779296875,66313900,-0.01495070813998559
2025-09-10,231.33547301291117,231.56462228661687,225.1184326270808,225.9553375244141,83440800,-0.032791132034934126
2025-09-11,226.04500979013488,229.60186307827533,225.81584532196928,229.18341064453125,50208600,0.014185244665027701
2025-09-12,228.37638560886936,233.6469097348115,228.17712472443904,233.2085418701172,55824200,0.017410479916919613
2025-09-15,236.1277410783948,237.31336381412063,234.1649902844441,235.82884216308597,42699500,0.011173214085381364
2025-09-16,236.3070977333125,240.33223781067687,235.4502773909715,237.2735290527344,63421100,0.006107309825605233
2025-09-17,238.09049720761,239.21634322602875,236.85505542454317,238.1104278564453,46508000,0.0035209419928282854
2025-09-18,239.08682096339743,240.31228984200703,235.77903252032195,237.0045166015625,44249600,-0.0046553503108424064
2025-09-19,240.3421770415445,245.3935247988757,239.32594197772087,244.59646606445312,163741300,0.0315305769896094
2025-09-22,247.38616206443075,255.69547916115812,247.2068166293636,255.13751220703125,105517400,0.042192888031361925
2025-09-23,254.9382515607796,256.3928695916873,252.6467135530789,253.4935760498047,60275200,-0.0064641816813347935
2025-09-24,254.2807025242173,254.7987929994329,250.11607847800005,251.38140869140625,42303700,-0.008367139370277337
2025-09-25,252.27808820484515,256.22352044118514,250.7836088309123,255.9246063232422,55202100,0.017911552240696984
2025-09-26,253.1648106749593,256.6519291955366,252.84598111295836,254.51980590820312,46076300,-0.005504238769601875
2025-09-29,253.6231024562692,254.061485491106,252.07880411177769,253.4935760498047,40127700,-0.004040174100817752
2025-09-30,253.9220203508673,254.97811672142572,252.17846100632588,253.69287109375,37704300,0.0007858847779747712
2025-10-01,254.1013624635733,257.8375764362911,253.9917666915456,254.5098571777344,48713900,0.0032152003219794367
2025-10-02,255.63563032858357,257.22974752480764,253.21458136967644,256.1836242675781,42630200,0.006554902867099075
2025-10-03,253.73271197999827,258.2858846694617,253.01536064819075,257.07037353515625,49155600,0.0034554047457069663
2025-10-06,257.0404883747525,258.1165305885388,254.1113214696764,255.7452850341797,44664100,-0.005167905573688131
2025-10-07,255.86484387966763,256.45266881763376,254.48991791397023,255.53607177734372,31955800,-0.0008183880195341075
2025-10-08,255.5758888188916,257.5685279874928,255.16739414069707,257.1102294921875,36496900,0.006141320666886384
2025-10-09,256.8611554198282,257.0504585775582,252.2083446799687,253.1050262451172,38322000,-0.015700375384075295
2025-10-10,254.00171816056968,255.436420799504,243.10197943699816,244.3673095703125,61999100,-0.03513206563064245
2025-10-13,248.46219085423505,248.7710475029622,244.6562426215344,246.7485198974609,38142900,0.009697219450940967
2025-10-14,245.69241642712316,247.93413549962375,243.79940008876653,246.8581085205078,35478000,0.0004440322254129627
2025-10-15,248.5717898296712,250.8932163906544,246.559219921403,248.42233276367188,33893600,0.006316540342189272
2025-10-16,247.33635013275975,248.1234359576197,244.22783772705108,246.53929138183597,39777000,-0.0076088746070517846
2025-10-17,247.10719170360767,252.44746537322092,246.35995200283696,251.3614654541016,49147000,0.019370626724040305
2025-10-20,254.94822099113512,263.4069798400544,254.68918336894043,261.2748413085937,90483000,0.03868088051630957
2025-10-21,260.9162087553024,264.3136625920602,260.86637452698056,261.80291748046875,46695900,0.002019112234874075
2025-10-22,261.68336485657886,261.882640960004,254.48993535873984,257.49884033203125,45015300,-0.016576780813435922
2025-10-23,258.98332466328685,259.6608147081683,257.0604350924048,258.6246337890625,32754900,0.0043625035439569535
2025-10-24,260.2287163700197,263.15789839957887,258.22610426270086,261.85272216796875,38253700,0.012404496504713917
2025-10-27,263.9051799132,268.12956591820625,263.67601542509226,267.8207092285156,44888200,0.022535544640189423
2025-10-28,268.000036838551,268.8967489277785,267.1631319065021,268.010009765625,41534800,0.0007065684675198422
2025-10-29,268.28892986747474,270.4110953948544,266.1269030442272,268.7073974609375,51086700,0.0025987161153949003
2025-10-30,270.98897852374654,273.131090148023,267.4919171420092,270.4011535644531,69886500,0.006283564499940692
2025-10-31,275.9705701844509,276.29937269597025,268.16940070155243,269.3749389648437,86167100,-0.0038023760230781467
2025-11-03,269.424736694289,269.8531467885877,265.2700709373508,268.05975341796875,50194600,-0.004894318103696045
2025-11-04,267.3424445625432,270.49081837885313,266.6350661079627,269.0461730957031,49274800,0.00367309589440336
2025-11-05,267.6214146886098,270.7000692568828,265.94760492323326,269.14581298828125,43683100,0.00037027639315674913
2025-11-06,266.90407480138714,272.3937751745226,266.90407480138714,268.7771301269531,51204000,-0.0013707648047970096
2025-11-07,268.8069946610708,271.2878509444664,265.78814772800683,267.4819030761719,48227400,-0.0048306116605628165
2025-11-10,268.2298830249396,272.9869540449525,266.7339548671466,268.6986083984375,41312400,0.004538424596306953
2025-11-11,269.07757258136417,275.16101963639426,269.0675899882029,274.5028076171875,46208300,0.02137115241872316
2025-11-12,274.2534760098269,274.9815052844664,270.9624464716027,272.7276306152344,48398000,-0.006487881904019628
2025-11-13,273.36590026791555,275.9488963676571,271.3513946141157,272.2090759277344,49602800,-0.0019031745808056621
2025-11-14,270.31417782757546,275.21085247368256,268.8681323529343,271.6705017089844,47431300,-0.0019804913327679673
2025-11-17,268.0902717401977,269.7557213346742,265.00866346949266,266.73394775390625,45018300,-0.018338229939655892
2025-11-18,269.25711627506445,269.9751630894399,264.5998097936244,266.71405029296875,45677300,-7.45994399438085e-05
2025-11-19,264.8091896065648,271.47104873805114,264.77927226211665,267.8309631347656,40424500,0.004178935128654975
2025-11-20,270.0948061865016,274.68232536305425,265.1981613886433,265.5272521972656,45823600,-0.008638566717187423
2025-11-21,265.2280517805383,272.5879921198442,264.9488130991126,270.75299072265625,59030800,0.01948945166198309
2025-11-24,270.164627965921,276.24807542504453,270.164627965921,275.1710205078125,65585800,0.016185865239936655
2025-11-25,274.52277261748515,279.6189174225992,274.50283786370125,276.2181701660156,46914200,0.003798227947915667
2025-11-26,276.2081750495132,278.7712060098946,275.8790842359358,276.79656982421875,33431400,0.002091806338180893
2025-11-28,276.50736791500816,278.242634823177,275.2407959413455,278.0930480957031,20135600,0.004672931656329052
2025-12-01,277.2553332443013,282.65065109438723,275.3904143522869,282.3315124511719,46587700,0.015126193488102735
2025-12-02,282.231773534172,286.619823290159,281.86278279875575,285.4131164550781,53669500,0.01085570557581093
2025-12-03,285.4231155973949,287.8365294074879,282.5309633672564,283.378662109375,43538700,-0.007153630197795877
2025-12-04,283.3287830094401,283.95707766942763,277.8337308175164,279.9380187988281,43989100,-0.01221581470319711
2025-12-05,279.7784866384076,280.3768640337961,277.2952250127556,278.02325439453125,47265800,-0.006863458138980372
2025-12-08,277.374989388386,278.9108174051644,275.4003533668138,277.1356506347656,38211800,-0.0031976592937218978
2025-12-09,277.40493251311347,279.2698514894354,276.16830825817004,276.4275817871094,32193300,-0.002558223495884468
2025-12-10,276.99605153243056,278.9906225605669,275.6896099437804,278.02325439453125,33038300,0.0057558827896064466
2025-12-11,278.34237127554803,278.8310314000742,273.0667227973629,277.2752685546875,33248000,-0.002693997053167742
2025-12-12,277.1456542987284,278.4620785577588,276.06859927253834,277.5246276855469,39532900,0.0008989156246798572
2025-12-15,279.3894873363706,279.3894873363706,272.0993337942639,273.3658752441406,50409100,-0.015098577390107174
2025-12-16,272.07941349564567,274.752131096348,271.0522107383373,273.8645324707031,37648600,0.0018224768125210816
2025-12-17,274.2634587890498,275.41033087528734,270.9026119684932,271.10205078125,50138700,-0.010138255944275731
2025-12-18,272.8672697170699,272.88723490520505,266.22537510199504,271.4511413574219,51630700,0.001286843868596081
2025-12-19,271.4112306527045,273.8545921928022,269.1673383776201,272.9271240234375,144632000,0.005422649568015015
2025-12-22,272.1192896847017,273.13654030849926,269.7756932559407,270.23443603515625,36571800,-0.009914950708069128
2025-12-23,270.1048034873943,271.7603010837797,268.8282792538215,271.62066650390625,29642000,0.00511662061139001
2025-12-24,271.60070067851706,274.6823088952694,271.46109654935304,273.06671142578125,17910600,0.005309645046856358
2025-12-26,273.4157529954652,274.6224597374741,272.11926379011726,272.6578063964844,21521800,-0.0014985770016451036
2025-12-29,271.9497734782625,273.6152231466168,271.6107000753325,273.0168762207031,23715200,0.0013160584043321359
2025-12-30,272.06942798009953,273.3359694836473,271.54086793463244,272.33868408203125,22139600,-0.0024871571416660047
2025-12-31,272.3187639976345,272.9370761103812,271.0123224859311,271.1220092773437,27293600,-0.00447751549367368
