Date,Open,High,Low,Close,Volume
2021-01-04,129.62252069116946,129.70989001259753,123.05984477192808,125.63249206542969,143301900
2021-01-05,125.12765639008194,127.89446984433803,124.6810774289331,127.1857681274414,97664900
2021-01-06,123.99184315415357,127.22464193893974,122.69095402050523,122.90453338623047,155088000
2021-01-07,124.61317087407357,127.78772368823323,124.12776587920938,127.09844207763672,109578200
2021-01-08,128.56437812216362,128.7585519984453,126.42859880354752,128.1954803466797,105158200
2021-01-11,125.41892632912634,126.37031583011212,124.7490651654895,125.21504974365234,100384500
2021-01-12,124.74907540981043,125.90434159113998,123.15694772474198,125.04032135009766,91951100
2021-01-13,125.00146811666775,127.61294892404966,124.73936012875102,127.06929779052734,88636800
2021-01-14,126.98193239512918,127.17609140406186,125.00147198922038,125.14710235595703,90221800
2021-01-15,125.02087645693894,126.41884484513,123.29283631414191,123.42874908447266,111598500
2021-01-19,124.05008935422954,124.95295027523217,123.2346125834672,124.0986328125,90757300
2021-01-20,124.9044008833116,128.62260444676102,124.79761120554318,128.176025390625,104319500
2021-01-21,129.89436203777117,135.59301116722563,129.69048544958548,132.87474060058594,120150900
2021-01-22,132.30197582810843,135.7677743821565,131.07876065141238,135.0105438232422,114459400
2021-01-25,138.89378406433565,140.85480946109453,132.55438158085332,138.74815368652344,157611700
2021-01-26,139.40831414179996,140.087878141181,137.24339729703607,138.9811553955078,98390600
2021-01-27,139.24324321793168,140.0878578213645,136.3114082725256,137.91323852539062,140843800
2021-01-28,135.44740902267984,137.8453107957744,132.70971784009862,133.0883331298828,142621100
2021-01-29,131.8650760774745,132.7485164111063,126.40913060377333,128.10804748535156,177523800
2021-02-01,129.84582625364877,131.42825115687322,127.1081351803439,130.2244415283203,106239800
2021-02-02,131.76801136085197,132.33108282824628,130.68070911395654,131.04962158203125,83305400
2021-02-03,131.79715512438477,131.806872704572,129.70991963118382,130.03028869628906,89880900
2021-02-04,132.3213832150557,133.38926514344305,130.66129188255576,133.3795623779297,84183100
2021-02-05,133.5399993993488,133.6080499269068,132.09132576396362,132.9663543701172,75693800
2021-02-08,132.25654318624248,133.16075281401444,131.17733385758623,133.1121368408203,71297200
2021-02-09,132.83021630146237,134.05527394815869,132.08158644572234,132.2371368408203,76774200
2021-02-10,132.6940833002521,133.1899455543724,130.67178006992634,131.6343231201172,73046600
2021-02-11,132.13017580944882,132.6065887223786,130.0592713492993,131.3815460205078,64280000
2021-02-12,130.62317336901577,131.77043336797686,129.98147802950479,131.6148681640625,60145100
2021-02-16,131.731578673249,132.23714344471992,129.10646349095452,129.49537658691406,80576300
2021-02-17,127.60918638254499,128.55228022303262,125.87856393692216,127.21055603027344,97918500
2021-02-18,125.6160304420086,126.3938416655148,123.87569099593317,126.11189270019531,96856700
2021-02-19,126.62724075405677,127.08420447655753,125.22718295197116,126.26749420166016,87668800
2021-02-22,124.45906002205308,126.1216319880877,122.11591609767342,122.50482177734375,103916400
2021-02-23,120.32696770808406,123.19513336260104,115.10592588579131,122.36871337890625,158273000
2021-02-24,121.47422557501572,122.07702231944482,118.83940058972168,121.87284851074219,111039900
2021-02-25,121.22144033722896,122.9520628532438,117.19628243074794,117.63379669189453,148199500
2021-02-26,119.18940971098537,121.38672049171518,117.83796822554648,117.89630889892578,164560400
2021-03-01,120.31724465842385,124.38129410804099,119.38387540817448,124.24517822265625,116307900
2021-03-02,124.84797657824923,125.14937496490815,121.54228933610958,121.64923858642578,102260900
2021-03-03,121.34782670099902,122.22286260620939,118.46021192268415,118.67411041259766,112966300
2021-03-04,118.3727333702154,120.17141407750445,115.3295602258347,116.79766845703125,178155000
2021-03-05,117.62409026429847,118.5574595470923,114.30867806869652,118.0518798828125,153766600
2021-03-08,117.57546286579684,117.6435208042625,112.98639210708664,113.13223266601562,154376600
2021-03-09,115.72817134912674,118.67411961018901,115.4948308955723,117.73102569580078,129525800
2021-03-10,118.31438187621302,118.7810627593394,116.13651302909358,116.65181732177734,111943300
2021-03-11,119.14080190524842,119.79221465640565,117.89630965893046,118.57688903808594,103026500
2021-03-12,117.06016228897577,117.80879958845243,115.85456138090896,117.67268371582031,88105100
2021-03-15,118.04214884674406,120.56029993815383,117.07960562741921,120.55057525634766,92403800
2021-03-16,122.21314504308985,123.69098519524891,121.26033388239702,122.08675384521484,115227900
2021-03-17,120.60892077273179,122.36870994462072,118.94634875177347,121.29922485351562,111932600
2021-03-18,119.47138014582727,119.76306129363483,116.98239537750578,117.18656921386719,121229700
2021-03-19,116.57405253188959,118.06161012823361,116.3601540036749,116.66155242919922,185549500
2021-03-22,116.99210188442348,120.43390477213393,116.92404394954326,119.96721649169922,111912300
2021-03-23,119.90889482634996,120.79364806529563,118.75190240381558,119.14080810546875,95467100
2021-03-24,119.41304854895056,119.49083117848545,116.73933185520713,116.75877380371094,88530500
2021-03-25,116.22401924724316,118.28521414548541,115.6989976953015,117.24488830566406,98844700
2021-03-26,117.01154219770642,118.11020123971099,115.6212094750368,117.84768676757812,94071200
2021-03-29,118.27547960128655,119.17968207349621,117.38100181008681,118.02268981933594,80819200
2021-03-30,116.7782247452838,117.06018121783144,115.56289895900598,116.57405090332031,85671900
2021-03-31,118.27548932601961,120.09361168317854,117.78935908416811,118.7616195678711,118323800
2021-04-01,120.22973871260609,120.7353109160336,119.09218827381586,119.58804321289062,75089100
2021-04-05,120.43392024929994,122.66039785902176,119.65610882120376,122.40760803222656,88651200
2021-04-06,122.99095607539735,123.60347753407522,122.16453611496429,122.70899963378906,80171300
2021-04-07,122.33954050731289,124.37156139198876,121.66867838856395,124.35211944580078,83466700
2021-04-08,125.3729903400282,126.77304785417073,124.95492543996741,126.74388122558594,88844600
2021-04-09,126.19939309739704,129.34950705430177,125.8785454100243,129.3106231689453,106686700
2021-04-12,128.8440028052572,129.1648506431333,127.00643052325567,127.5995101928711,91420000
2021-04-13,128.7661695536294,130.9245888251844,128.2703072556539,130.70095825195312,91266500
2021-04-14,131.19681975522676,131.255153005102,128.00780685424039,128.36753845214844,87222800
2021-04-15,130.10791292088626,131.2551732400093,129.93289830876327,130.76904296875,89347100
2021-04-16,130.57457716887737,130.9343087763494,129.5828673880838,130.43846130371094,84922400
2021-04-19,129.80648595127033,131.71212294052938,129.64120345679902,131.09959411621094,94264200
2021-04-20,131.27462375202614,131.7704712922572,128.15366085563892,129.4176025390625,94812300
2021-04-21,128.6884221419856,130.0398638721709,127.65782821133615,129.7967987060547,68847100
2021-04-22,129.34952213608938,130.42873181562496,127.7647477103965,128.28004455566406,84566500
2021-04-23,128.4939686507075,131.37185181275385,128.4939686507075,130.59405517578125,78657500
2021-04-26,131.0898441125276,131.313459803844,129.85506950866935,130.98289489746094,66905100
2021-04-27,131.26489090705445,131.65380402656527,130.38986235031265,130.66209411621094,66015800
2021-04-28,130.5842881537486,131.27459954530588,129.3884120504617,129.87454223632812,107760100
2021-04-29,132.6843927517533,133.26775499092827,128.77590135452442,129.77732849121094,151101000
2021-04-30,128.124508335276,129.85513111982132,127.43421157592877,127.81339263916016,109839500
2021-05-03,128.37727305832388,130.35097557067442,128.1731066561789,128.8634033203125,75135100
2021-05-04,127.55085891033158,127.84254003096058,123.18540387178189,124.30350494384766,137564700
2021-05-05,125.61603972510449,126.83136521554766,124.42016359645294,124.54656219482422,84000900
2021-05-06,124.34239490228468,126.15080002789722,123.60347484441658,126.14108276367188,78128300
2021-05-07,127.43638287913002,127.83567547908756,126.10211342037881,126.81307983398438,78973300
2021-05-10,126.03396862881701,126.16056709673003,123.50179122048604,123.5407485961914,88071200
2021-05-11,120.2781354744355,122.97586852300613,119.56717642454035,122.6252670288086,126142800
2021-05-12,120.18073081693389,121.38837950118456,119.06073063774643,119.5671615600586,112172300
2021-05-13,121.32996037075966,122.85900193405529,121.01830882379365,121.70978546142578,105861300
2021-05-14,122.95639247198734,124.55360758966998,122.5668261780835,124.12508392333984,81918000
2021-05-17,123.51150748616402,123.61863839013512,121.90455135695586,122.9758529663086,74244600
2021-05-18,123.25830711587349,123.6770895961018,121.52474484946401,121.5929183959961,63342900
2021-05-19,119.94700386173781,121.66108360866002,119.65482729355216,121.43708801269531,92612000
2021-05-20,121.96300011967811,124.38803886132331,121.83638680726905,123.98873138427734,76857100
2021-05-21,124.48545593820523,124.66076042977402,121.94354452563805,122.15780639648438,79295400
2021-05-24,122.72265728570756,124.60230780549196,122.65448374065255,123.78421783447266,63092900
2021-05-25,124.48545205523331,124.972415565833,123.02458381451456,123.5894546508789,72009500
2021-05-26,123.64787952179124,124.06666202267431,123.12196609530832,123.5407485961914,56575900
2021-05-27,123.1414373640431,124.3101288080937,121.81691643126096,122.0116958618164,94625600
2021-05-28,122.29412358918856,122.51812660764142,121.30073666690714,121.35916900634766,71311100
2021-06-01,121.8169133247897,122.07986629236983,120.70665425214682,121.03778076171875,67637100
2021-06-02,121.0377893589411,121.97274404282008,120.81379374664016,121.79743957519531,59278900
2021-06-03,121.4273366140028,121.59289985456873,119.91777018909227,120.31707763671875,76229200
2021-06-04,120.83326200560104,122.86874195718396,120.61900017592295,122.60578155517578,75169300
2021-06-07,122.87846962118002,123.0245579005518,121.57343116760482,122.61551666259766,71057600
2021-06-08,123.29723905566723,125.1087231263275,122.91741402757391,123.43358612060547,74403800
2021-06-09,123.89135316418162,124.41726657205889,123.21935146016743,123.81343841552734,56877900
2021-06-10,123.70629386140669,124.84577650141729,122.65447459192099,122.82003784179688,71186400
2021-06-11,123.22907955985254,124.1153430132604,122.81029711830921,124.0276870727539,53522400
2021-06-14,124.48542499652146,127.13445925571631,123.75499103493249,127.0760269165039,96906500
2021-06-15,126.5501111042377,127.19289650672997,126.0144566021608,126.2579345703125,62746300
2021-06-16,126.96889285474992,127.47533121654288,125.10873237290743,126.75463104248047,91815000
2021-06-17,126.41374704429569,129.09200433395995,126.26765136661298,128.35182189941406,96721700
2021-06-18,127.30003468372927,128.0791523377771,126.842294888582,127.05655670166016,108953300
2021-06-21,126.90073257983343,128.95568742961305,125.8391720998025,128.8485565185547,79663300
2021-06-22,128.68298261560656,130.5821078265205,128.18627804148716,130.48471069335938,74783600
2021-06-23,130.28020184164183,130.81585637036997,129.75428108226635,130.21202087402344,60214200
2021-06-24,130.94247320751583,131.12751887622477,129.46212271856308,129.9296112060547,68711000
2021-06-25,129.97831108103458,130.3970861369589,129.34525932066123,129.63743591308594,70783700
2021-06-28,129.9295852246422,131.72157948620062,129.87115289056985,131.2638397216797,62111300
2021-06-29,131.2832928355185,132.92920589475403,130.84503556701915,132.77337646484375,64556100
2021-06-30,132.61757943917965,133.82523552499876,132.32540290188453,133.38697814941406,63261400
2021-07-01,133.03635418614581,133.74730561970333,132.21825700237508,133.68887329101562,52485800
2021-07-02,134.30241475847603,136.34763523122962,134.1563339507277,136.30868530273438,78852600
2021-07-06,136.4158466947496,139.41548226335163,136.4158466947496,138.31497192382812,108181800
2021-07-07,139.79533405407227,141.11012131228122,138.93830152510142,140.79847717285156,104911600
2021-07-08,137.88644602005195,140.3017433261173,137.00018264096806,139.50314331054688,105575500
2021-07-09,139.02592340594762,141.8502619651795,138.92852627188464,141.32435607910156,99890800
2021-07-12,142.39568172270836,142.50281263838897,140.24332963884083,140.73028564453125,76299700
2021-07-13,140.27253162136344,143.61305721006948,139.88297280050324,141.8405303955078,100827100
2021-07-14,144.23639158459537,145.6680435964864,143.8273354148668,145.2589874267578,127050800
2021-07-15,145.3466279214185,146.08679566961968,143.25270826705687,144.6064453125,106820300
2021-07-16,144.58698895603396,145.85306272785598,142.07429409288326,142.57098388671875,93251400
2021-07-19,139.99983785193092,140.31149679803218,137.97409928442224,138.73374938964844,121434600
2021-07-20,139.71743864780393,143.26247815428886,139.23048258998614,142.33724975585938,96350000
2021-07-21,141.7334095777614,142.31776271135624,140.85689473808662,141.60679626464844,74993500
2021-07-22,142.13272618480354,144.33376205602218,142.00611286355945,142.9702911376953,77338200
2021-07-23,143.70068066123733,144.84015561733656,143.08711150767857,144.684326171875,71447400
2021-07-26,144.40193160847764,145.92123190033908,143.84679465375743,145.1031494140625,72434100
2021-07-27,145.22977037782812,145.3174337626536,141.7529118418177,142.9410858154297,104818600
2021-07-28,141.03220589476328,143.13585955365372,138.82142131266863,141.19776916503906,118931200
2021-07-29,140.91531705042755,142.72679380278865,140.80818614558353,141.8405303955078,56699500
2021-07-30,140.61339371614585,142.51251879825827,140.35043336301797,142.05477905273438,70440600
2021-08-02,142.54176110337934,143.11636561756876,141.46071818751764,141.7236785888672,62880000
2021-08-03,142.00610422671278,144.17792379335657,141.3925349204239,143.5156707763672,64786600
2021-08-04,143.42802249439222,143.9344460279435,142.4638442773508,143.11636352539062,56368300
2021-08-05,143.14558074057953,143.98314564998552,142.35671440302508,143.22349548339844,46397700
2021-08-06,142.74557545925379,143.48685218422662,142.0433070322341,142.54074096679688,54126800
2021-08-09,142.59925003312128,143.08693557693016,141.93600483737242,142.49195861816406,48908700
2021-08-10,142.83333089104445,144.072056221946,141.72140855204836,142.01402282714844,69023100
2021-08-11,142.45294678468827,143.10644361120174,141.94574966449076,142.2676239013672,48493500
2021-08-12,142.58950812317931,145.37907015513477,142.24812227389452,145.22300720214844,72282600
2021-08-13,145.30099244083343,145.75941791748622,144.6182358425136,145.42779541015625,59375000
2021-08-16,144.88164213986906,147.4663849394875,142.86263134674047,147.39810180664062,103296000
2021-08-17,146.5300361381551,147.9443216421731,145.41811337630122,146.49102783203125,92229700
2021-08-18,146.1106045300614,147.00794422226895,142.55049082276733,142.7553253173828,86326000
2021-08-19,141.45807654722455,144.35493005036025,140.94113102889904,143.08694458007812,86960300
2021-08-20,143.80872432514332,144.84261535990314,143.16497579607238,144.54025268554688,60549600
2021-08-23,144.65728343893502,146.49098584387335,144.24762936861552,146.02281188964844,60131800
2021-08-24,145.7692167650667,147.14449367144724,145.4766024407117,145.93502807617188,48606400
2021-08-25,146.12035519130814,146.61780402195117,144.15986446266652,144.70606994628906,58991300
2021-08-26,144.6963591448457,145.44738443824616,143.87703582379248,143.9062957763672,48597200
2021-08-27,143.84774439339665,145.08647001894514,143.2137590490284,144.94017028808594,55802400
2021-08-30,145.3302769581914,149.7096980445359,144.94988286885493,149.3488006591797,90956700
2021-08-31,148.9001358629917,149.0366872034825,147.56386751356777,148.090576171875,86453100
2021-09-01,149.06597111930256,151.1630130890743,148.58803390921838,148.75384521484375,80313700
2021-09-02,150.08038183350413,150.90945341746877,148.64658478729757,149.8657989501953,71115500
2021-09-03,149.9730471583683,150.82163009154993,149.31955034140017,150.499755859375,57808700
2021-09-07,151.1532776856572,153.3868712092461,150.58756059759483,152.83091735839844,82278300
2021-09-08,153.1137802396808,153.17230013553674,150.1876663830064,151.2898406982422,74420200
2021-09-09,151.6604770125975,152.2652024090621,150.15839699282031,150.27545166015625,57305700
2021-09-10,151.18255921551165,151.65073329616885,145.03771673531628,145.3010711669922,140893200
2021-09-13,146.92016289482572,147.6906995642944,145.08646034770857,145.86676025390625,102404300
2021-09-14,146.6470734676716,147.34934195867896,143.29179398463287,144.47198486328125,109296300
2021-09-15,144.9011172737186,145.7594485393446,142.76505234502355,145.3595428466797,83281300
2021-09-16,144.7840715894616,145.30101702156867,143.5941177955223,145.1254425048828,68034100
2021-09-17,145.15472586644688,145.15472586644688,142.17007797103764,142.4626922607422,129868800
2021-09-20,140.25836010441694,141.272739448902,137.79067253613061,139.41954040527344,123478900
2021-09-21,140.3851770808151,141.03868891632874,139.26350609481372,139.89749145507812,75834000
2021-09-22,140.8923300236282,142.82356032742504,140.1608018149043,142.2578582763672,76404300
2021-09-23,143.03821629449968,143.4576337545293,142.0530964940377,143.2137908935547,64838200
2021-09-24,142.07256662788618,143.83798604484667,141.97502355876833,143.30152893066406,53477900
2021-09-27,141.8872464401241,142.36518367517027,140.2778899497781,141.78970336914062,74150700
2021-09-28,139.7219569087335,141.18501404913908,138.20037986398958,138.4149627685547,108972300
2021-09-29,138.9611368887371,140.89236770909372,138.53197117688373,139.31227111816406,74602000
2021-09-30,140.1218663325349,140.82413496844498,137.80047751477733,138.0150604248047,89056700
2021-10-01,138.40514469326044,139.40002732180153,135.68386603878685,139.1366729736328,94639600
2021-10-04,138.26861784072736,138.70754679310303,134.8645818313905,135.71315002441406,98322000
2021-10-05,136.05454682483122,138.73681787676418,135.9277437943665,137.6346435546875,80861100
2021-10-06,136.035013031244,138.64900052233625,134.96209883237336,138.50270080566406,83221100
2021-10-07,139.53657886179528,140.66801284222436,139.2049562794912,139.7609100341797,61732700
2021-10-08,140.48269778280476,140.62899749402928,139.04890108087716,139.38052368164062,58773200
2021-10-11,138.76606124094116,141.2434974770439,138.31738395190774,139.29275512695312,64452200
2021-10-12,139.70242001460875,139.72193160685052,137.56635459515326,138.0247802734375,73035900
2021-10-13,137.76143421982243,137.9174823014052,135.77166862906188,137.43955993652344,78762700
2021-10-14,138.61000380183043,140.33641501765865,138.02477512030043,140.2193603515625,69907100
2021-10-15,140.22909633879294,141.33125547588753,139.97549034735292,141.27273559570312,67940300
2021-10-18,139.9170017643,143.2235096811566,139.63415065247935,142.94065856933594,85589200
2021-10-19,143.38930715549284,145.49611240776287,142.94064476173952,145.09620666503906,76378900
2021-10-20,145.03767215675973,146.06181473584434,144.4719551618084,145.58387756347656,58418800
2021-10-21,145.14493470888215,145.9544943053686,144.22808372291004,145.79843139648438,61421000
2021-10-22,146.00329463249273,146.48121692115393,144.97915205496275,145.02792358398438,58883400
2021-10-25,145.0181647887637,145.69117321411855,143.98427382696465,144.97915649414062,50720600
2021-10-26,145.6521738906202,147.12497895180522,145.34004798248478,145.64242553710938,60893400
2021-10-27,145.68145499107032,146.0423376021523,144.83288673993832,145.18402099609375,56094900
2021-10-28,146.1300923838208,149.39757634919977,146.0325493292803,148.81236267089844,100077900
2021-10-29,143.59410645366754,146.2471165175258,142.80405839843382,146.11056518554688,124953200
2021-11-01,145.3205502265068,146.01305539533712,144.15985619885288,145.29129028320312,74588300
2021-11-02,144.9986747309846,147.8370082711022,144.98891149464504,146.32518005371094,69122000
2021-11-03,146.6860731609645,148.2271614322934,146.13011931995035,147.7589874267578,54511500
2021-11-04,147.8467909036605,148.67584762072252,146.92993945409776,147.2420654296875,60394600
2021-11-05,148.36533077411934,148.66813471450217,146.57779487265975,147.7694854736328,65463900
2021-11-08,147.8964665160418,148.0527572213007,146.67547332752292,146.948974609375,55020900
2021-11-09,146.71451857846154,147.91597153908737,146.5777679561521,147.31036376953125,56787900
2021-11-10,146.53871644786318,146.64616444006643,144.41907415140022,144.48744201660156,65187100
2021-11-11,145.50331597045192,145.96239567531134,144.25300529217714,144.4385986328125,41000000
2021-11-12,144.9856178095641,146.90990439693277,144.05766590459464,146.50942993164062,63804000
2021-11-15,146.88058950641502,148.35555879375588,145.96240025846288,146.51918029785156,59222800
2021-11-16,146.46055672746397,147.97459104914827,145.87447411755394,147.49595642089844,59256200
2021-11-17,147.49599850722544,151.40317727562876,147.48623592599793,149.92822265625,88807000
2021-11-18,150.14313374583702,154.9880275581461,149.49844560723523,154.2065887451172,137827700
2021-11-19,153.99168810581827,157.2834965855034,152.897682743032,156.82440185546875,117305600
2021-11-22,157.92816624213555,161.85488526610547,157.26395297389544,157.2834930419922,117467900
2021-11-23,157.38111945184002,158.04534743857107,155.36892523842945,157.66439819335938,96041900
2021-11-24,157.01974088138022,158.3774848564214,155.9354982175197,158.18212890625,69463600
2021-11-26,155.8671670363227,156.7267364003775,152.73164889573968,153.17120361328125,76959800
2021-11-29,155.67178482147494,157.44955853817083,155.10524204048522,156.5216064453125,88748200
2021-11-30,156.27736517799391,161.67903783874624,156.20898240534294,161.46414184570312,174048100
2021-12-01,163.5935775451036,166.34814584365344,160.71203606659066,160.94647216796875,152052500
2021-12-02,155.0564158714864,160.38970726884503,154.1382263513205,159.9599151611328,136739200
2021-12-03,160.21386222018816,161.13205157338396,156.01364225594332,158.08444213867188,118023100
2021-12-06,160.47757621707362,163.98428011365826,160.46781363689186,161.4836883544922,107497000
2021-12-07,165.15644279486372,167.598429443289,164.4336093812365,167.20770263671875,120405400
2021-12-08,168.13568563195315,171.8768113251432,166.73886138447926,171.01722717285156,116998900
2021-12-09,170.85117673379307,172.64847553279014,169.8841445461616,170.50929260253906,108923700
2021-12-10,171.1442122366866,175.46164318083981,170.63627480069655,175.2858123779297,115402700
2021-12-13,176.9170250648393,177.90359710458122,171.4567470785072,171.66188049316406,153237000
2021-12-14,171.1832561903654,173.6154801461527,168.21380712036787,170.28460693359375,139380400
2021-12-15,171.0465102933484,175.33463817394934,168.31148231582245,175.1392822265625,131063300
2021-12-16,175.11973661793166,176.9365751900634,166.78767978084602,168.26263427734375,150185800
2021-12-17,165.98671202152144,169.44457351876034,165.75229083845704,167.16864013671875,195432700
2021-12-20,164.374993320752,166.62162387110183,163.57402950297322,165.81088256835938,107499100
2021-12-21,167.57888393978646,169.1808265329912,165.1955026634982,168.9757080078125,91185900
2021-12-22,169.02455200604697,171.7791202742142,168.15520530032774,171.56422424316406,92135300
2021-12-23,171.76931657934202,172.74611106678847,171.20277398805894,172.1893310546875,68356600
2021-12-27,172.9805506410723,176.23327841950962,172.96102548062714,176.14537048339844,74919600
2021-12-28,175.97935346537145,177.1222015844957,174.38717318344425,175.12953186035156,79144300
2021-12-29,175.16857977375096,176.43841575185178,174.0061917992903,175.21742248535156,62348900
2021-12-30,175.30532209148024,176.3798020768136,173.95734081982604,174.06478881835938,59773000
2021-12-31,173.9573242504266,175.07086935429706,173.14658304866205,173.44940185546875,64062300
2022-01-03,173.70339765267045,178.6362137085352,173.58618706197944,177.78639221191406,104487900
2022-01-04,178.39201490568885,178.69481886787932,174.96345608354855,175.52999877929688,99310400
2022-01-05,175.4420853705736,175.9890879826122,170.587414831676,170.8609161376953,94537600
2022-01-06,168.6924202141222,171.23209207239668,167.65702034880644,168.0086669921875,96904000
2022-01-07,168.878037036841,170.0990304259398,167.06119827767387,168.17474365234375,86709100
2022-01-10,165.1564129469489,168.4970482896935,164.26752639043735,168.19424438476562,106765600
2022-01-11,168.3212790198075,171.1148977053451,166.85608689005863,171.01722717285156,76138300
2022-01-12,172.03309245435602,173.06849253983535,170.76327115991117,171.456787109375,74805200
2022-01-13,171.7009330010287,172.52143678948505,167.80351764880953,168.19424438476562,84505800
2022-01-14,167.36395266778703,169.7473334419262,167.11975406231704,169.05381774902344,80440800
2022-01-18,167.53002095796475,168.5361181103695,165.478761430844,165.85971069335938,90956700
2022-01-19,166.0550783276264,167.11001826086033,162.08929472408371,162.37255859375,94815000
2022-01-20,163.10514273299674,165.74248492301732,160.37011513031928,160.6924591064453,91420500
2022-01-21,160.60457194151562,162.470253269675,158.5337720868401,158.64122009277344,122848900
2022-01-24,156.30669005524535,158.53378075020058,151.11013516388041,157.8695526123047,162294600
2022-01-25,155.29082683573563,158.98310983768695,153.3763174519784,156.072265625,115798400
2022-01-26,159.70589857439398,160.57524507136318,154.15771304423117,155.98431396484375,108275300
2022-01-27,158.68029600296296,160.0380400395087,154.6070638933257,155.52525329589844,121954600
2022-01-28,161.86465470605705,166.39698147337538,159.0221785798324,166.37744140625,179935700
2022-01-31,166.2113655240236,170.9390476064095,165.57644011866424,170.72415161132812,115541600
2022-02-01,169.9720379540269,170.78277933201363,168.31148996868112,170.55812072753906,86213900
2022-02-02,170.69483434355706,171.7986168687593,169.30778797894317,171.75953674316406,84914300
2022-02-03,170.4311703757622,172.1503389427803,168.12593381020304,168.88783264160156,89418100
2022-02-04,167.90975737649003,170.27662529840396,166.93171820745542,168.6041717529297,82465400
2022-02-07,169.0638570704662,170.1299162190593,167.19579861278513,167.8902130126953,77251200
2022-02-08,167.95862803498034,171.49913925228722,167.6652133594248,170.9905548095703,74829200
2022-02-09,172.18379236064646,172.77060688626915,171.05903840340724,172.4087371826172,71285000
2022-02-10,170.31574652168356,171.6263154743887,167.78262856301606,168.34010314941406,90865900
2022-02-11,168.54550592037077,169.2790353586412,164.34970917619486,164.93653869628906,98670700
2022-02-14,163.69441590726865,165.8558891027738,162.9022065441299,165.1712646484375,86185500
2022-02-15,167.21532291468824,169.1518358853044,166.51113366652052,168.99534606933594,62527400
2022-02-16,168.07601104878276,169.5332796330186,166.31553783336227,168.76063537597656,61177400
2022-02-17,167.27404295611913,168.1347222265384,164.7702649952927,165.1712646484375,69589300
2022-02-18,166.0906242687398,166.79479876362558,162.54033719370844,163.62596130371094,82772700
2022-02-22,161.3569203806229,163.0293741588099,158.58906735628025,160.71142578125,91162800
2022-02-23,161.904625236065,162.50122982841887,156.24178404281724,156.5547637939453,90009200
2022-02-24,149.2291965620497,159.27366155009665,148.66193213542687,159.16607666015625,141147500
2022-02-25,160.24193771015948,161.4938266826065,157.3371601146723,161.22976684570312,91974200
2022-02-28,159.4790920596061,161.78726549413435,158.86292250111,161.4938507080078,95056600
2022-03-01,161.08302534266187,162.94130845487337,158.4129829679633,159.615966796875,83474400
2022-03-02,160.77983303222933,163.6846100998314,159.3714544632476,162.9021759033203,79724800
2022-03-03,164.77025023720336,165.20058983386846,161.91437782369874,162.57943725585938,76678400
2022-03-04,160.87767357199544,161.91439273743828,158.54016047816125,159.58665466308594,83737200
2022-03-07,159.7724878532729,161.39603654297554,155.5473512521712,155.80165100097656,96418800
2022-03-08,155.33218168421902,159.30301816152476,152.37849933499598,153.98248291015625,131148300
2022-03-09,157.93374136581392,159.82136448965088,155.9092082958325,159.3714599609375,91454900
2022-03-10,156.681840375499,156.8676701680238,152.55451471855633,155.0387420654297,105342000
2022-03-11,155.4397623739769,155.78208206231224,151.10705589580672,151.33200073242188,96970100
2022-03-14,148.1240148231261,150.73537736075448,146.80367102699051,147.31224060058594,108732100
2022-03-15,147.58611061794517,152.15356685525754,147.07754097449947,151.68409729003906,92964300
2022-03-16,153.60102317904168,156.48623515497343,151.06790582915622,156.08523559570312,102300200
2022-03-17,155.12679794973494,157.46431103838808,154.16832371335292,157.0926513671875,75615400
2022-03-18,156.9850782628136,160.8678953686917,156.25154880840884,160.37887573242188,123511700
2022-03-21,159.91913450898883,162.69677631557283,159.43011506099936,161.74807739257812,95811400
2022-03-22,161.87527212646032,165.6994092047397,161.2884575262128,165.1125946044922,81532000
2022-03-23,164.3008129085659,168.8486892835288,163.9682682338466,166.47206115722656,98062700
2022-03-24,167.30337650948087,170.31573891650316,166.4720521767643,170.24728393554688,90131400
2022-03-25,170.06143114397722,171.430679815148,168.95624226558783,170.8829803466797,80546200
2022-03-28,168.38900077447545,171.87081780430975,168.22273590773543,171.74368286132812,90371900
2022-03-29,172.80978412555572,175.07882777522605,172.46746436577632,175.02993774414062,100589400
2022-03-30,174.628881866762,175.66560091058673,172.8195035873902,173.8660125732422,92633200
2022-03-31,173.93446796182153,174.120297776475,170.5700111087268,170.77540588378906,103049300
2022-04-01,170.20811440384213,171.03945346679663,168.16401661450388,170.48196411132812,78751300
2022-04-04,170.73627975953104,174.57019094673097,170.60912991069844,174.5212860107422,76468400
2022-04-05,173.60196376939686,174.38439814013864,170.58960114244232,171.21554565429688,73401800
2022-04-06,168.57480173407063,169.81691543605135,166.39377895438548,168.0564422607422,89058800
2022-04-07,167.4011755212215,169.55285855113002,166.11994669119974,168.35964965820312,77594700
2022-04-08,168.00753302198206,168.00753302198206,165.48419068930104,166.35464477539062,76575500
2022-04-11,165.00498773482366,165.31795249524248,161.8654755697351,162.1099853515625,72246700
2022-04-12,164.3301525745867,166.13951616252308,162.98045368647982,163.97805786132812,79265200
2022-04-13,163.71395993382896,167.28379658301122,163.10758048377514,166.65785217285156,70618900
2022-04-14,166.87304601950618,167.50878046321276,161.4155854111937,161.66009521484375,75329400
2022-04-18,160.3201618914843,162.94131434841603,159.97785717263437,161.44491577148438,69023900
2022-04-19,161.39600166868107,164.13451388243473,160.31037777023087,163.72372436523438,67723800
2022-04-20,165.05389393478876,165.17126878968486,162.45232094308298,163.5574951171875,67929800
2022-04-21,165.200581424204,167.7630389892028,162.26646424033356,162.7652587890625,87227800
2022-04-22,162.80440987833427,164.18343379206294,157.95332893712188,158.23695373535156,84882400
2022-04-25,157.5816809008669,159.58666436994497,154.98010780953732,159.30303955078125,96046400
2022-04-26,158.68687865808295,158.77489861463468,153.27832244686797,153.3565673828125,95623200
2022-04-27,152.4861127865459,156.2808951707583,151.9677531448404,153.13162231445312,88063200
2022-04-28,155.75270471921226,160.90697422827097,155.43972508795935,160.04629516601562,130216800
2022-04-29,158.28585264208988,162.55010393809633,153.79665651995063,154.1878662109375,131747600
2022-05-02,153.26850950984627,154.75511815394006,149.9040527150275,154.49105834960938,123055300
2022-05-03,154.67689768841237,157.18069064394373,152.88709903691972,155.97769165039062,88966500
2022-05-04,156.1635144371754,162.82395888042848,155.76251479077115,162.3740692138672,108256500
2022-05-05,160.25172879543595,160.47667363266967,151.5471709663278,153.32720947265625,130525300
2022-05-06,152.80803283291047,156.16764300878287,151.01559010660912,154.05197143554688,116124600
2022-05-09,151.75022430191655,152.63176175523802,148.38083908771665,148.9391326904297,131577900
2022-05-10,152.32811702969943,153.52307898712107,149.7912627423493,151.33883666992188,115366700
2022-05-11,150.3495886480442,152.25956414663153,142.81741468212965,143.49325561523438,142689800
2022-05-12,139.83980605277625,143.19940187956024,135.95128476595931,139.6341094970703,182602000
2022-05-13,141.6224448185645,145.06041547307086,140.17282438448345,144.09072875976562,113990900
2022-05-16,142.56273706460962,144.49230601105745,141.22084476017127,142.5529327392578,86643800
2022-05-17,145.80482673464496,146.69615365751025,143.66956086149628,146.17703247070312,78336300
2022-05-18,143.83604831537036,144.3355756662519,137.02867854993576,137.9298095703125,109742900
2022-05-19,137.00914057415054,138.75260707730666,133.7964597180681,134.53106689453125,136095600
2022-05-20,136.2353120090451,137.8122689524701,129.88831177177445,134.76609802246094,137426100
2022-05-23,134.96204525071005,140.31978230159262,134.82491915388553,140.17286682128906,117726300
2022-05-24,137.92003986063096,139.05623582746938,134.51146690573626,137.47927856445312,104132700
2022-05-25,135.5888849437953,138.87992561613757,135.50073567160547,137.63600158691406,92482700
2022-05-26,134.5702631686742,141.37762121876017,134.3253940665443,140.82911682128906,90601500
2022-05-27,142.40601366145458,146.60795908464218,142.27867700009156,146.56878662109375,90978500
2022-05-31,146.01050754614022,147.5678709384086,143.82626511004062,145.78521728515625,103718400
2022-06-01,146.82346195823692,148.62570934761555,144.649023812494,145.65789794921875,74286600
2022-06-02,144.7959487531145,148.16534881431244,143.84585577263883,148.10658264160156,72348100
2022-06-03,143.88504856420633,144.93309527765794,141.49513917786348,142.39625549316406,88570300
2022-06-06,144.01237341190438,145.52077501341512,141.92608448379778,143.14064025878906,71598400
2022-06-07,141.3873815394989,145.94193944320352,141.1425125135875,145.65789794921875,67808200
2022-06-08,145.5305951278923,146.79411301945456,144.43358641921046,144.92332458496094,53950200
2022-06-09,144.0613709060868,144.91351047437155,139.60475090946733,139.71249389648438,69473000
2022-06-10,137.40092646925825,137.87107088214006,134.24701176433422,134.31558227539062,91437900
2022-06-13,130.1429810735186,132.4251621177248,128.74233746263164,129.17330932617188,122207100
2022-06-14,130.39764883857168,131.14204524198857,128.7815044194442,130.0352325439453,84784300
2022-06-15,131.5338494146611,134.52125474775525,129.4475753177957,132.65045166015625,91533000
2022-06-16,129.36921686332983,129.67285209068328,126.39160087860697,127.39067077636719,108123900
2022-06-17,127.40045357119396,130.3486710219844,127.14578023984714,128.85986328125,134520300
2022-06-21,130.68173726606173,134.24703070343926,130.58379859510612,133.08145141601562,81000500
2022-06-22,132.02360899242208,134.93265491125933,131.1616799782049,132.57212829589844,73409200
2022-06-23,134.0119372202921,135.74559928638683,132.84635818263115,135.4321746826172,72433800
2022-06-24,137.0287064173905,138.99746302987265,136.90138468183136,138.75259399414062,89116800
2022-06-27,139.7712426067131,140.5450371291734,138.0767530642211,138.75259399414062,70207900
2022-06-28,139.2129786588069,140.47649657650823,134.50169979812208,134.61923217773438,67083400
2022-06-29,134.63881999394516,137.78293057588337,133.86502534038587,136.3724822998047,66242400
2022-06-30,134.4331227102609,135.53013138802967,131.0245493574635,133.91400146484375,98964500
2022-07-01,133.2479278277153,136.1863562547321,132.87573705664798,136.07861328125,71051600
2022-07-05,134.94243962271915,138.70362462604172,134.11966825992553,138.65464782714844,73353800
2022-07-06,138.44897021265854,141.16210859174285,138.1845074474581,139.9867401123047,74064300
2022-07-07,140.3491044689141,143.5422056804672,140.33931508968487,143.3463134765625,66253700
2022-07-08,142.27873476282176,144.52174406124357,142.0240762823262,144.02220153808594,64547800
2022-07-11,142.68026652507825,143.6303594367227,140.82905749070648,141.8966827392578,63141600
2022-07-12,142.768425199881,145.40321819395862,142.07300556646354,142.8663787841797,77588800
2022-07-13,140.0552923046931,143.44427122627144,139.2031379384123,142.5039825439453,71185600
2022-07-14,141.12295108192205,145.89299601499977,140.30998393649415,145.4228515625,78140700
2022-07-15,146.70591085003534,147.76374670018814,145.15833701067942,147.08790588378906,76259900
2022-07-18,147.64626627696484,148.45923341835072,143.68917356336667,144.0515899658203,81420900
2022-07-19,144.88410592104603,148.1261694879342,143.8948404199678,147.90089416503906,82982400
2022-07-20,148.01845513052425,150.56509951384282,147.2838478982926,149.8990478515625,64823400
2022-07-21,151.3290452388946,152.3770917552224,148.82158901652633,152.16160583496094,65086600
2022-07-22,152.20076617293066,153.07249916430717,150.26140799071646,150.9274444580078,66675400
2022-07-25,150.84910958984113,151.85796878260385,149.15462011252404,149.8108673095703,53623900
2022-07-26,149.13504463438227,149.94801169458665,147.70501771546552,148.4886016845703,55138700
2022-07-27,149.44846596743406,154.1009774684585,149.03708779660727,153.57205200195312,78620700
2022-07-28,153.758128174429,154.40458587882554,151.24088279184247,154.12054443359375,81378700
2022-07-29,157.93074338059327,160.27169083424704,156.22644946059978,159.17466735839844,101786900
2022-08-01,157.7054523459462,160.2325026515257,157.58791998844677,158.1951904296875,67829400
2022-08-02,156.81410108129182,159.0766880696811,156.35374620232938,156.72593688964844,59907000
2022-08-03,157.53893055181024,163.1709180629882,157.45078129075776,162.72036743164062,82507500
2022-08-04,162.60281360750764,163.7586031177134,161.0552396557241,162.40692138671875,55474100
2022-08-05,160.0823608155598,162.67176904705062,159.87637852795464,162.1813507080078,56697000
2022-08-08,163.18176501562593,164.59417198149717,161.05335158963675,161.71051025390625,60276900
2022-08-09,160.8768354992681,162.6423445061743,160.1215870695177,161.75958251953125,63135500
2022-08-10,164.46666283077084,166.09485506907728,163.70161153159125,165.9967803955078,70170500
2022-08-11,166.80107516257124,167.713261012407,164.9669154508603,165.26116943359375,57149200
2022-08-12,166.5656804191666,168.87063747457046,166.1537158722437,168.80198669433594,68039400
2022-08-15,168.2331286414766,170.06728863023804,168.0663881848966,169.87112426757812,54091700
2022-08-16,169.4689479524639,170.38113378052608,168.37041574061854,169.7141571044922,56377100
2022-08-17,169.45917459589717,172.77439273368478,169.26301023326062,171.20506286621094,79542000
2022-08-18,170.4203849105247,171.54834118381174,169.8024529702403,170.81271362304688,62290100
2022-08-19,169.71418188591318,170.4105825645676,168.02714147630917,168.23312377929688,70346300
2022-08-22,166.43817940694694,166.6049198473659,163.9370428679026,164.3588104248047,69026800
2022-08-23,163.87821006023856,165.47697879172844,163.45644246473458,164.02532958984375,54147100
2022-08-24,164.11356702212305,164.88842125613922,163.0640648046323,164.3195343017578,53841500
2022-08-25,165.54563671843377,166.8795753877456,165.12388407113372,166.7716827392578,51218200
2022-08-26,167.30132415112922,167.77212157949262,160.42564926256463,160.4844970703125,78961000
2022-08-29,158.0618418321346,159.77830620497173,156.7573420791942,158.28744506835938,73314000
2022-08-30,159.02308781449068,159.44484048815386,154.69759359071182,155.8647918701172,77906200
2022-08-31,157.23793525223348,157.50276536238007,154.1286845852179,154.2071533203125,87991100
2022-09-01,153.63825654168207,155.38414463005734,151.70600708998924,154.93296813964844,74229900
2022-09-02,156.68862526348613,157.2869361057138,152.00022815870258,152.82412719726562,76957800
2022-09-06,153.47153612406976,154.07965015411935,150.74481100262022,151.56871032714844,73714800
2022-09-07,151.85314497915547,153.6676838931478,150.66632598771957,152.97129821777344,87449600
2022-09-08,151.67660447799875,153.36364499716552,149.75415773532657,151.50006103515625,84923800
2022-09-09,152.49066452851048,154.79563648166842,151.7844609924952,154.354248046875,68028800
2022-09-12,156.53171708379904,161.11222243462,156.24728104104713,160.29812622070312,104956000
2022-09-13,156.83580616608484,157.4635411507797,150.430942739526,150.89193725585938,122656600
2022-09-14,151.82368576965968,154.0894308134101,150.66630580332588,152.33372497558594,87965400
2022-09-15,151.6863795720259,152.26508456095567,148.47905455230304,149.4500732421875,90481100
2022-09-16,148.31230899881908,148.44962552428208,145.5267216779744,147.81207275390625,162278800
2022-09-19,146.44872924023372,151.5981220543988,146.24276190884032,151.5196533203125,81474200
2022-09-20,150.46035140561636,155.05067517637016,150.14649142825516,153.89328002929688,107689800
2022-09-21,154.32483969180942,155.69802002410492,150.6565200858437,150.7742156982422,101696800
2022-09-22,149.4599321736332,151.50987771041477,148.01810072789718,149.8130340576172,86652500
2022-09-23,148.29270193451399,148.5673350111051,145.7130966439831,147.54725646972656,96029900
2022-09-26,146.79202323434507,150.82326264584486,146.77240230987616,147.88075256347656,93339400
2022-09-27,149.81300689014782,151.75505941669135,147.07646404392761,148.85177612304688,84442700
2022-09-28,144.81069908771693,147.75320856386915,142.06435391669942,146.96853637695312,146691400
2022-09-29,143.30021086857073,143.90832467636554,137.98406415633502,139.74957275390625,128138200
2022-09-30,138.5725991267457,140.35772899315157,135.35545614892226,135.55162048339844,124925300
2022-10-03,135.5614315097669,140.32829792951577,135.05139229305564,139.7201690673828,114311700
2022-10-04,142.25072959734777,143.41792753527417,141.4954812316815,143.30023193359375,87830100
2022-10-05,141.30916116839794,144.55572849466822,140.26946161653336,143.59449768066406,79471000
2022-10-06,143.0157891213956,144.71263233032042,142.43709909152813,142.64306640625,68402200
2022-10-07,139.80845770678545,140.3577388347644,136.7776758724346,137.40541076660156,85925600
2022-10-10,137.7290802001953,139.17091126885134,135.91454138275128,137.7290802001953,74899000
2022-10-11,137.21903351996755,138.64125855443186,135.57123522583825,136.31666564941406,77033700
2022-10-12,136.46378829068846,137.6702130062106,135.51237567961843,135.6889190673828,70433700
2022-10-13,132.4031824941024,140.8383711075261,131.79505342070354,140.2498779296875,113224000
2022-10-14,141.54453406151188,141.75051634248345,135.5418185741853,135.72817993164062,88598000
2022-10-17,138.36663643162046,140.16155437004147,137.5819641011487,139.6809539794922,85250900
2022-10-18,142.70191550699425,143.8887193551449,137.91542833833753,140.99525451660156,99136600
2022-10-19,138.97473585531196,142.17225768233465,138.78837451258266,141.1031494140625,61758300
2022-10-20,140.27923092891302,143.09422670420207,139.9163112713326,140.6421356201172,64522000
2022-10-21,140.1321395849877,145.0167173026428,139.9163543059083,144.4478302001953,86548600
2022-10-24,144.36934369172494,147.35108041478094,143.20214572577777,146.58602905273438,75981900
2022-10-25,147.21380186240924,149.5678193244191,146.49779513966664,149.42068481445312,74732300
2022-10-26,148.06712385627637,149.07738452163943,145.20306734701933,146.48797607421875,88194300
2022-10-27,145.23248644302674,146.1937021462339,141.36798774070627,142.025146484375,109180200
2022-10-28,145.36000606754794,154.48179100593666,144.98729827273644,152.75552368164062,164762400
2022-10-31,150.22496108445085,151.2842665764986,149.0087181195706,150.40150451660156,97943200
2022-11-01,152.10814502054632,152.4710497811702,146.27217011734126,147.76303100585938,80379300
2022-11-02,146.09559446780847,149.25388921211223,142.22129326523782,142.25071716308594,93604600
2022-11-03,139.33766635298934,140.0634909361085,136.09109910411752,136.21861267089844,97918500
2022-11-04,139.59827074317496,140.16810151754257,132.0234836201314,135.95333862304688,140814800
2022-11-07,134.70561435237354,136.70983394000362,133.29086405936027,136.48387145996094,83374600
2022-11-08,137.94774130575934,138.9498435557623,135.0789489012502,137.05369567871094,89908500
2022-11-09,136.07124673599705,136.12037292800636,132.22980938548775,132.50489807128906,74917800
2022-11-10,138.7631733571785,144.29443359375,137.05368118428237,144.29443359375,118854000
2022-11-11,143.26287971945007,147.3793904835366,141.83829520447486,147.0748291015625,93979700
2022-11-14,146.35765103704608,147.64467637079764,144.8446482085248,145.67974853515625,73374100
2022-11-15,149.55062261259357,150.89659305740093,145.95480194485347,147.40884399414062,89868300
2022-11-16,146.51481993344615,147.24183349471545,144.70707528826344,146.18077087402344,64218300
2022-11-17,143.86215701114332,148.82360185357618,143.58706836561342,148.07693481445312,80389400
2022-11-18,149.6390649453273,150.0222252429551,147.3401031595605,148.63694763183594,74829600
2022-11-21,147.52676535819396,147.73307435769456,145.12955132737417,145.41445922851562,58724100
2022-11-22,145.53236323934706,147.7821986794849,144.3533947208252,147.54640197753906,51804100
2022-11-23,146.82922050043365,149.16748927839564,146.72114887646376,148.4208221435547,58301400
2022-11-25,145.7092003283938,146.2692118769101,144.54006603549058,145.51271057128906,35195900
2022-11-28,142.59476743015247,144.06846284178744,140.86563687733454,141.69090270996094,69246000
2022-11-29,141.75966328460675,142.27054854346483,137.88876937413374,138.6943817138672,83763800
2022-11-30,138.92038744793726,146.1120302873751,138.08530213977906,145.4341278076172,111380900
2022-12-01,145.61094536816785,146.51481013470644,144.03899751867118,145.7091827392578,71250400
2022-12-02,143.40039263183445,145.4046117654443,143.09581632538948,145.2179412841797,65447400
2022-12-05,145.17867816271277,148.27343309869434,143.21375058654476,144.0586700439453,68826400
2022-12-06,144.49093730068225,144.71689974436399,139.43124046996064,140.4038848876953,64727200
2022-12-07,139.69650913090823,140.85580904494128,137.54491133359693,138.4684295654297,69721100
2022-12-08,139.86354485762612,141.0032064446931,138.62564588690643,140.14845275878906,62128300
2022-12-09,139.84387422747133,143.0172426533997,138.42912415381502,139.6670379638672,76097000
2022-12-12,140.1975885864345,141.9660265170688,138.58634846990296,141.95620727539062,70462700
2022-12-13,146.87834983755218,147.34010905974955,141.71059523341404,142.9190216064453,93886200
2022-12-14,142.8010797480732,144.08810457077118,138.68455516840615,140.6986083984375,82291200
2022-12-15,138.63541935447725,139.31332154005028,133.6445031818207,134.10626220703125,98931900
2022-12-16,134.2929782040358,135.23613504981998,131.38487878191776,132.1511993408203,160156900
2022-12-19,132.74069295008061,132.82911109974094,129.01716151047765,130.04873657226562,79592600
2022-12-20,129.08591954394805,130.91330283228723,127.6122238272619,129.97996520996094,77432800
2022-12-21,130.64802045895354,134.41085828161889,130.42205800232537,133.07470703125,85928000
2022-12-22,131.99401195090732,132.20032094511618,128.0150307307424,129.9111785888672,77852100
2022-12-23,128.62415014924704,130.0978457490201,127.3665977700706,129.54766845703125,63814900
2022-12-27,129.07611099897005,129.1055837164495,126.4627534469259,127.7497787475586,69007800
2022-12-28,127.39608344761355,128.73223486036684,123.66272537894751,123.82974243164062,85438400
2022-12-29,125.74554877459363,128.1918817150827,125.49011356491995,127.33714294433594,75703700
2022-12-30,126.1581553688859,127.67114272748928,125.19533773599038,127.6514892578125,77034200
2023-01-03,127.99539057563403,128.60451337209517,121.99253578697103,122.87675476074219,112117500
2023-01-04,124.66483917038782,126.40380440814197,122.88658197418445,124.14413452148438,89113600
2023-01-05,124.90061292758642,125.52938912334946,122.57217865426507,122.8276138305664,80962700
2023-01-06,123.80025946812165,128.0051956310965,122.69989736764362,127.3469467163086,87754700
2023-01-09,128.1820484933381,131.07049435820306,127.61221771125115,127.8676528930664,70790800
2023-01-10,127.9757103650532,128.958174020526,125.87323874198964,128.43746948242188,63896200
2023-01-11,128.94836939344688,131.1687321095965,128.17222961380043,131.1490936279297,69458900
2023-01-12,131.53222415316628,131.90555010610956,129.13501070565974,131.07046508789062,71379600
2023-01-13,129.71471296505177,132.55403315564018,129.35120610397337,132.39683532714844,57809700
2023-01-17,132.46563188904346,134.88248509762596,131.77791004071557,133.55616760253906,63646600
2023-01-18,134.4207108763407,136.17931456809228,132.66209219338052,132.8389434814453,69672800
2023-01-19,131.72873868777404,133.86068318245066,131.4241773301355,132.8978729248047,58280400
2023-01-20,132.9076780568954,135.59963378756996,131.8662690124696,135.45225524902344,80223600
2023-01-23,135.6978804326285,140.806703627411,135.4817372209474,138.6354522705078,81760300
2023-01-24,137.84949253259393,140.64952034187644,137.83967329148908,140.0305633544922,66435100
2023-01-25,138.41932337339787,139.93231102042415,136.37579688239575,139.372314453125,65799300
2023-01-26,140.65933109437518,141.72039372676826,139.41159795380088,141.43548583984375,54105100
2023-01-27,140.64951214628343,144.64813175929368,140.57091324840124,143.3709259033203,70555800
2023-01-30,142.41797596075202,142.99762607371383,140.34497649686972,140.49234008789062,64015300
2023-01-31,140.19756045993424,141.8088002532181,139.78492752410364,141.75967407226562,65874500
2023-02-01,141.44531098955775,144.03901475780756,138.84178798038548,142.87969970703125,77663600
2023-02-02,146.2888275489756,148.52884341135578,145.57163330132713,148.1751708984375,118339000
2023-02-03,145.4341223704264,154.62016535520215,145.23763259886508,151.79066467285156,154357300
2023-02-06,149.89452545981646,150.41523013113607,148.13590667152536,149.06924438476562,69858300
2023-02-07,147.99834440627268,152.50784959474223,147.99834440627268,151.93801879882812,83322600
2023-02-08,151.18150996746658,151.86923151834947,148.5190269025848,149.25587463378906,64120100
2023-02-09,151.0832773681269,151.62363543992853,147.782198500911,148.22430419921875,56007100
2023-02-10,147.06326201809225,148.91310407783703,146.82710525948497,148.58839416503906,57450700
2023-02-13,148.52933886882354,151.78625678187208,148.49982115470684,151.38284301757812,62199000
2023-02-14,149.68057287811524,151.30412220458746,148.44078385852455,150.74325561523438,61707600
2023-02-15,150.6546952720313,153.00636811059493,150.42838780610393,152.83909606933594,65573800
2023-02-16,151.0482818929642,153.82306709582505,150.8908590911332,151.24508666992188,68167900
2023-02-17,149.90690894964015,150.5464794908576,148.4309630722788,150.10369873046875,59144100
2023-02-21,147.79135689260553,148.87372305726493,146.03006833094608,146.09893798828125,58867200
2023-02-22,146.48271250078488,147.54539539799444,144.80014250744384,146.52207946777344,51011300
2023-02-23,147.68313363952294,147.92912460701393,144.87884561858363,147.0041961669922,48394200
2023-02-24,144.75089452156274,144.82961341599875,143.3831856356865,144.35731506347656,55469600
2023-02-27,145.34128862301924,146.77786725557394,145.0854484451516,145.54791259765625,44998500
2023-02-28,144.69188448050687,146.68932985809187,144.47541123636594,145.04611206054688,50547000
2023-03-01,144.47539591550134,144.8689754008769,142.68457472462396,142.97976684570312,55479000
2023-03-02,142.0647116163666,144.35734928778834,141.59239813777418,143.57017517089844,52238100
2023-03-03,145.66600535471582,148.68678165578146,144.96739941181147,148.60806274414062,70732300
2023-03-06,151.32380747304748,153.7935665673354,150.9991125857975,151.36317443847656,87558000
2023-03-07,151.23522972088062,151.55993956940895,148.7064506179963,149.16891479492188,56182000
2023-03-08,150.35951315538156,151.00893289820618,149.39523278864294,150.41854858398438,47204800
2023-03-09,151.09746808583355,152.0617483379844,147.8208670608722,148.1750946044922,53833600
2023-03-10,147.8012528053786,148.51954238829813,145.24294016157944,146.11866760253906,68572400
2023-03-13,145.43970497520198,150.68423448355665,145.33146834316847,148.0570526123047,84457100
2023-03-14,148.85406081281639,150.94005952145656,147.69299059245188,150.14305114746094,73695900
2023-03-15,148.7655134809102,150.79247683579462,147.51587504804607,150.53665161132812,77167900
2023-03-16,149.7199103098672,153.95095694332394,149.2082450157043,153.35073852539062,76161100
2023-03-17,153.57707174404283,154.22649145558808,151.80593390078133,152.51438903808594,98944600
2023-03-20,152.58327776546486,155.28917828804447,151.67801783277878,154.8759002685547,73641400
2023-03-21,154.7971931327365,156.84382463636302,154.02968755125636,156.7257537841797,73938300
2023-03-22,156.74540844255807,159.53986153376988,155.27929723644732,155.29898071289062,75701800
2023-03-23,156.28300603974324,158.9593893571433,155.151438415948,156.3813934326172,67622100
2023-03-24,156.31249715364865,157.76875944157217,155.31869907440637,157.68020629882812,59196500
2023-03-27,157.37517430078694,158.19186606543823,155.33836200567538,155.74179077148438,52390300
2023-03-28,155.43676283008696,155.94842821050446,153.47866946121147,155.12188720703125,45992200
2023-03-29,156.81429056205513,158.46735739062942,156.79462209814082,158.1918487548828,51305700
2023-03-30,158.93965597985908,159.86458426430409,158.68383082177425,159.75634765625,49501700
2023-03-31,159.8350728342002,162.3540176143248,159.31357325147573,162.255615234375,68749800
2023-04-03,161.63575413574327,163.62335040456196,161.58655293789977,163.50527954101562,56976200
2023-04-04,163.92836877990578,164.16451047380076,162.46225736922722,162.9739227294922,46278300
2023-04-05,162.09822184489292,162.40324825832465,159.20536551321473,161.13392639160156,51511700
2023-04-06,159.82526545905753,162.3147081943001,159.40216814543908,162.01951599121094,45390100
2023-04-10,158.8314221542027,159.431640625,157.5129143705151,159.431640625,47716900
2023-04-11,159.74652133194326,159.7563555644006,157.93601661540757,158.22137451171875,47644200
2023-04-12,158.6346580327857,159.46118408911326,157.2177476424543,157.53262329101562,50133100
2023-04-13,159.0380889195549,163.14121655398105,158.83144989570576,162.90505981445312,68445600
2023-04-14,161.95063157173945,163.65290010625418,161.1929900999488,162.56069946289062,49386500
2023-04-17,162.44258319038994,162.7377753387549,161.39958394505072,162.58033752441406,41516200
2023-04-18,163.43641422586148,164.72540456754612,162.99361844758067,163.80047607421875,49923000
2023-04-19,163.14117819260926,165.46333303592274,162.88533803142178,164.94183349609375,47720200
2023-04-20,163.4265370188754,165.17799130758831,162.9050374280842,163.97755432128906,52456400
2023-04-21,162.4032359760057,163.78077935638615,161.85221862385353,162.37371826171875,58337300
2023-04-24,162.35406204687058,162.94444645995347,161.26186139253676,162.67877197265625,41949600
2023-04-25,162.54096443175132,163.64299896057264,161.10437083745688,161.14373779296875,48714100
2023-04-26,160.44515464932056,162.62955575633885,160.18932943478703,161.13392639160156,45498800
2023-04-27,162.54097091629146,165.85692388096987,162.54097091629146,165.70933532714844,64902300
2023-04-28,165.7880799666726,167.12627144742981,165.18786139778672,166.958984375,55275900
2023-05-01,166.56539597816914,167.71663185783257,165.9356597273935,166.87042236328125,52472900
2023-05-02,167.36241202489828,167.6182522416185,164.8533011388869,165.83726501464844,48425700
2023-05-03,166.7818533947913,168.17908009941613,164.47938185396285,164.7647247314453,65136000
2023-05-04,162.24578626436005,164.36130237503923,161.67508547315035,163.13134765625,81235400
2023-05-05,168.23814318555767,171.50491053581004,168.02166992672903,170.78662109375,113453200
2023-05-08,169.71408033203093,171.06212101363838,169.35001851271124,170.7177276611328,55962800
2023-05-09,170.27497566678477,170.75710842473805,168.84823084895888,169.0155029296875,45326900
2023-05-10,170.24543004162442,171.23922812803062,169.14338031673282,170.77676391601562,53724500
2023-05-11,171.0621017201797,171.7902252766967,169.4090348343318,170.9636993408203,49514700
2023-05-12,171.07208510437357,171.50563041723674,168.49053896760506,170.03750610351562,45533100
2023-05-15,170.6188460048669,170.66811525184778,168.95364468701064,169.5448455810547,37266700
2023-05-16,169.46601779285794,170.5991352991019,169.27880367524853,169.5448455810547,42110300
2023-05-17,169.19007165229132,170.3921536757053,167.91899466426756,170.1556854248047,57951600
2023-05-18,170.4611756877155,172.6683084617715,170.04734111161662,172.48109436035156,65496700
2023-05-19,173.80145343851697,173.80145343851697,172.37273538217633,172.58950805664062,55809500
2023-05-22,171.42681253611994,172.14611049896482,170.90459157041087,171.64358520507812,43570900
2023-05-23,170.58926430627432,170.83559547287618,168.76640765947607,169.04229736328125,50747300
2023-05-24,168.57919800904358,169.88968165407772,168.0175707525213,169.3181915283203,45143500
2023-05-25,169.87986475065702,171.34798918728478,169.17042964019168,170.45135498046875,56058300
2023-05-26,170.77650880236848,173.19055165787438,170.56958397024448,172.85552978515625,54835000
2023-05-30,174.36306754730614,176.36327550868927,173.97879151124883,174.6980743408203,55964400
2023-05-31,174.72764675708407,176.71800704198733,174.16600441023556,174.64881896972656,99625300
2023-06-01,175.0922328882,177.47671735788407,174.33352850038895,177.44715881347656,68901800
2023-06-02,178.37335293714096,179.11234656032465,176.62932377666553,178.29452514648438,61996900
2023-06-05,179.9498694414483,182.23581511366768,175.42721727327233,176.9446258544922,121946500
2023-06-06,177.328904296753,177.4766970018392,174.82617090162998,176.58006286621094,64848400
2023-06-07,175.82136104700194,178.5507149734009,174.71780207381394,175.21046447753906,61944600
2023-06-08,175.28930462040762,178.18616241252352,174.85577426667564,177.92013549804688,50214900
2023-06-09,178.83643579626113,179.55571862854532,177.97920810525306,178.3043670654297,48900000
2023-06-12,178.6098569544308,181.191403498661,178.3142564640164,181.09286499023438,54274900
2023-06-13,180.1173628493618,181.44754220802452,179.76264534674598,180.619873046875,54929100
2023-06-14,180.67901332162722,181.684048880549,179.34883379218707,181.25050354003906,57462900
2023-06-15,181.26036948430115,183.78279874291368,181.08300318978328,183.2802734375,65433200
2023-06-16,183.98968846409701,184.245882524342,181.56579797087073,182.2062530517578,101256200
2023-06-20,181.70378168910554,183.3689832973111,181.70378168910554,182.2949676513672,49799100
2023-06-21,182.1865534203878,182.68907870149724,179.91045548906328,181.26036071777344,49515700
2023-06-22,181.04359886716716,184.30502181445038,180.9746189088309,184.25575256347656,51245300
2023-06-23,182.82700770116728,184.807505007212,182.29492392440986,183.94041442871094,53117000
2023-06-26,184.0882365039062,185.29033397781694,182.51171079012911,182.55113220214844,48088700
2023-06-27,183.1620330683905,185.6253451571229,182.94526040179295,185.30018615722656,50730800
2023-06-28,185.17209649255778,187.11318769857849,184.84695251457532,186.4727325439453,51216800
2023-06-29,186.30519854912527,187.28067542760266,186.16725369069167,186.80770874023438,46347300
2023-06-30,188.81780236383452,191.62596911406445,188.45322195229386,191.1234588623047,85213200
2023-07-03,190.93627177904648,191.03481029014517,188.94591112680644,189.63565063476562,31458200
2023-07-05,188.75868490984942,190.1479814937267,187.82261429340878,188.52220153808594,46920300
2023-07-06,187.0540415419299,189.20205725316632,186.42343432149448,188.99513244628906,45094300
2023-07-07,188.6010117511895,189.8425155087971,187.44818361165477,187.8817138671875,46815000
2023-07-10,186.4826030596721,187.20190113081154,184.2951803689385,185.84214782714844,59922200
2023-07-11,186.38402246734722,186.52196732292174,183.86159365977753,185.3198699951172,46638100
2023-07-12,186.8964167558296,188.88677723101014,185.70418206587038,186.985107421875,60750200
2023-07-13,187.70435278315148,188.38422922243208,186.99491780606402,187.74375915527344,41342300
2023-07-14,187.43834550769154,188.37440112570727,186.8471596075647,187.8916015625,41616200
2023-07-17,189.08383285312058,191.46833222271863,188.99515722491665,191.14317321777344,50520200
2023-07-18,190.5125649317522,191.47817907078496,189.5962050071137,190.88697814941406,48288200
2023-07-19,190.26621270882248,195.3209183853995,189.82280454932882,192.2368621826172,80507300
2023-07-20,192.22701989757815,193.58677299126168,189.67503216410122,190.29579162597656,59581200
2023-07-21,191.25153499324207,192.10876269219432,188.42364281090323,189.12322998046875,71951700
2023-07-24,190.57168949200457,192.04967681854123,189.42870901778204,189.92137145996094,45377800
2023-07-25,190.49284214012596,191.58655325087184,190.08885537064708,190.77857971191406,37283200
2023-07-26,190.82783906853456,192.76892999363082,190.4829844332044,191.64566040039062,47471900
2023-07-27,193.1433574364322,194.3060333990039,189.72427942670237,190.3844451904297,47460200
2023-07-28,191.8131659299023,193.7444090416655,191.29094501886246,192.95614624023438,48291400
2023-07-31,193.18277106210203,193.6064685292723,192.394508242959,193.56704711914062,38824100
2023-08-01,193.36012399442592,193.8429234737508,192.4142056697584,192.73936462402344,35175100
2023-08-02,192.17773571935334,192.3156805851802,189.03456234552243,189.75384521484375,50389300
2023-08-03,188.75865610470643,189.54690382056828,187.89156557542466,188.36451721191406,61235200
2023-08-04,182.79742375652143,184.63012811145708,179.25024918733618,179.31922912597656,115956800
2023-08-07,179.4572213905704,180.44254624962392,174.74736976708382,176.22535705566406,97576100
2023-08-08,177.05302113799038,177.62451134366992,174.97398514494694,177.16140747070312,67823000
2023-08-09,178.21570618554995,178.2748232727554,174.41235154839882,175.57504272460938,60378500
2023-08-10,176.84611157664116,178.097478428752,174.9937109597073,175.3582763671875,54686900
2023-08-11,174.953720563952,176.23636037713308,174.19399178686675,175.4174346923828,52036700
2023-08-14,175.59501817775333,177.29206623946897,174.94382216578185,177.0651397705078,43675600
2023-08-15,176.49294118914725,177.0849254578291,174.68735981208974,175.08201599121094,43622600
2023-08-16,174.7662850202376,176.15745776554937,174.14468726786023,174.21376037597656,46964900
2023-08-17,174.77612136953763,175.14117901733323,171.16495931429398,171.6780242919922,66062900
2023-08-18,170.00070631097662,172.76334408254257,169.6652471318657,172.16148376464844,61172200
2023-08-21,172.73378585948967,173.77963828216437,171.42153223598535,173.49349975585938,46311900
2023-08-22,174.69716910253268,175.308890515181,173.8979807911273,174.86489868164062,42038900
2023-08-23,176.1377232252428,179.12728783194132,175.9502562936072,178.70301818847656,52722800
2023-08-24,178.25902046647073,178.68329009610582,173.6612029173666,174.02627563476562,54945800
2023-08-25,175.01294998434398,176.7593193055493,173.47376987845638,176.22653198242188,51449600
2023-08-28,177.6867593505913,178.1800870283186,176.1673167274641,177.78543090820312,43820700
2023-08-29,177.3019791564373,182.43258442181371,177.10465107991652,181.66299438476562,53003900
2023-08-30,182.47203136515444,185.34320186637345,182.27470331859433,185.14585876464844,60813900
2023-08-31,185.33336235534645,186.5962801694583,184.97816577917948,185.3629608154297,60794500
2023-09-01,186.96134589549212,187.38560051082152,185.76748618147488,186.93174743652344,45766500
2023-09-05,185.7674844117445,187.44479564304942,185.1064270757959,187.1685333251953,45280000
2023-09-06,185.88587535630464,186.32988234003622,179.04836051297525,180.46914672851562,81755800
2023-09-07,172.84230680208358,175.8318868790433,171.22419235116297,175.1905517578125,112488800
2023-09-08,175.96999075471308,177.8347687964352,175.417451102765,175.80224609375,65551300
2023-09-11,177.6670388917848,177.89396541040293,174.97345890425444,176.9665069580078,58953100
2023-09-12,177.09479044187466,177.72624932161176,172.4871113411862,173.94735717773438,90370200
2023-09-13,174.15451849429098,174.93398459835862,171.6582818339781,171.88522338867188,84267900
2023-09-14,171.67806560862326,173.75004828458802,171.2636720844641,173.3948516845703,60895800
2023-09-15,174.12494522635322,174.14468255030425,171.5004532372104,172.674560546875,109259500
2023-09-18,174.12495542511192,176.98626535892447,173.81909463420754,175.59507751464844,67257600
2023-09-19,175.1510856525732,177.23292932503867,174.76629061620125,176.68040466308594,51826900
2023-09-20,176.8678428874874,177.3019736755132,173.0593524132158,173.14816284179688,58436200
2023-09-21,172.22069958579337,173.94734650075085,171.53990496478352,171.6089630126953,63149100
2023-09-22,172.33909518451154,174.7169382879251,171.7273736602944,172.45748901367188,56725400
2023-09-25,171.87535356826675,174.6083930174941,171.82601779128095,173.7302703857422,46172700
2023-09-26,172.48708745695123,172.86200623492672,169.36925308333926,169.66525268554688,64588900
2023-09-27,170.31643241476104,170.730825832551,166.79408083596385,168.15565490722656,66921800
2023-09-28,167.0802102082604,169.73431545858824,165.38316183381656,168.41220092773438,56294400
2023-09-29,169.7244661753788,170.76045735672912,168.06687727418498,168.92527770996094,51861100
2023-10-02,168.93514418826848,171.97404472395215,168.64900568223578,171.43138122558594,52164500
2023-10-03,169.96126458937815,171.31299281082715,168.54049336939298,170.09939575195312,49594600
2023-10-04,168.80687858022958,171.88525384459265,168.68848474300435,171.34259033203125,53020300
2023-10-05,171.47080262455518,173.10865388928795,170.3756147373138,172.57586669921875,48527900
2023-10-06,171.48069938400815,175.61478762599208,170.86896284182788,175.1214599609375,57266700
2023-10-09,174.45055415802327,176.66066786762835,173.45403753652568,176.60147094726562,42390800
2023-10-10,175.72330653262233,177.32168322438636,175.57529921161475,176.00942993164062,43698000
2023-10-11,175.82198018511957,177.4499705441094,175.22999600880442,177.400634765625,47551100
2023-10-12,177.6670640281674,179.90676118500224,176.6507950071692,178.29852294921875,56743100
2023-10-13,178.99902980590412,179.5022186651883,175.76280113660414,176.4633331298828,51427100
2023-10-16,174.39134016768617,176.69024903281087,174.15453745424634,176.33505249023438,52517000
2023-10-17,174.29265257502803,176.03903666999224,172.46734930467605,174.78598022460938,57549400
2023-10-18,173.2369747453516,175.21028574818484,172.77324545527233,173.49349975585938,54764400
2023-10-19,173.69083828526382,175.46682130559762,172.8521900917514,173.11859130859375,59302900
2023-10-20,172.97056355030566,173.0790962513972,170.3361953203569,170.572998046875,64244000
2023-10-23,168.62926966195786,171.68789221712717,167.66233657820504,170.69137573242188,55980100
2023-10-24,170.74070856198063,171.35243005141567,169.1620540054936,171.12550354003906,43816600
2023-10-25,169.58630128048503,170.75054719472178,168.37270453985215,168.81671142578125,57157000
2023-10-26,168.0964590692853,169.09299056011605,163.45918215856796,164.66290283203125,70625300
2023-10-27,164.68264263448572,166.70528904611524,164.60370840247674,165.97515869140625,58499100
2023-10-30,166.76447575317525,168.88577853365425,166.61646843152695,168.01751708984375,51131000
2023-10-31,167.09011614768582,168.61942013954004,165.65945361827133,168.4911651611328,44846000
2023-11-01,168.71805482147735,171.9049471971035,167.84979334743332,171.64842224121094,56934900
2023-11-02,173.17777741023195,175.4076134182441,173.11858048911532,175.20042419433594,77334800
2023-11-03,171.91482054448556,174.46039296073306,171.03669795189808,174.2926483154297,79829200
2023-11-06,174.02628274488598,177.0355696443862,173.85855313497558,176.83824157714844,63841300
2023-11-07,176.78892234542403,180.00542885763969,176.5817331247381,179.39370727539062,70530000
2023-11-08,179.91664500198718,181.00195707049215,179.1667771510238,180.44943237304688,49340300
2023-11-09,180.51844768984608,181.6629563158929,179.38378514108624,179.9757843017578,53763500
2023-11-10,181.75413731292954,184.3228271167955,181.31943456996746,184.1548614501953,66133400
2023-11-13,183.58186108306094,183.7893232540613,181.9912524470517,182.5741424560547,43627500
2023-11-14,185.43922075842696,185.84428607992842,184.05608926427885,185.18235778808594,60108400
2023-11-15,185.5874067506803,187.21752694473682,185.51824264456812,185.74546813964844,53790500
2023-11-16,187.2866746678448,188.6599317940755,186.37774261703024,187.42498779296875,54412900
2023-11-17,187.9584495633842,188.0868885447724,186.2986923038957,187.4051971435547,50922700
2023-11-20,187.60280481288592,189.59847845797387,187.5929306882813,189.14401245117188,46505100
2023-11-21,189.10451024981845,189.21318592585277,187.45462685911554,188.34378051757812,38134500
2023-11-22,189.18354656200316,190.60618938615343,188.53149251239262,189.00570678710938,39617700
2023-11-24,188.57100791556658,188.60064536615056,186.970525284031,187.68185424804688,24048300
2023-11-27,187.63246733233092,188.37343380166539,186.6247487130357,187.5040283203125,40552600
2023-11-28,187.4941619704054,188.77850691885152,187.11873411970524,188.106689453125,38415400
2023-11-29,188.60063575450744,189.77630481775705,186.69388951411068,187.0890655517578,43014200
2023-11-30,187.55341843722022,188.02764780463457,185.92329832735996,187.66209411621094,48794400
2023-12-01,188.03754149609296,189.25272234216075,186.95078459310412,188.93658447265625,45704800
2023-12-04,187.69170901814908,187.76087311237956,185.19218377665425,187.14833068847656,43389500
2023-12-05,187.91897362196437,192.05849343193452,187.8893210956394,191.09030151367188,66628400
2023-12-06,192.1079050949125,192.41416882595195,189.79609331061306,190.00357055664062,41089700
2023-12-07,191.29779342674496,192.65128739108172,191.25826677194576,191.93008422851562,47477700
2023-12-08,191.86091528323507,193.629363703371,191.33730018286,193.3527374267578,53406400
2023-12-11,190.78403090604945,191.15945870925907,189.11438419177532,190.85317993164062,60943700
2023-12-12,190.75438957156285,192.3746354774224,189.41076991243543,192.36476135253906,52696900
2023-12-13,192.74018081786602,195.61513413450965,192.50308121236986,195.57562255859375,70404200
2023-12-14,195.63490356313392,197.21562292408947,193.79730618821,195.72381591796875,66831600
2023-12-15,195.1508114803035,196.01032777733312,194.62719637119332,195.19033813476562,128538400
2023-12-18,193.7281513997374,194.26165570440122,192.04863040265064,193.5305633544922,55751900
2023-12-19,193.79729775296602,194.57777573643529,193.5305456250714,194.56790161132812,40714100
2023-12-20,194.5283970820936,195.2990010280865,192.48333740234375,192.48333740234375,52242800
2023-12-21,193.73802319308166,194.70621508029078,191.16933361068988,192.33511352539062,46482500
2023-12-22,192.8291141147171,193.05635469466722,190.64574127695036,191.26815795898438,37149600
2023-12-26,191.27801448490152,191.55464074590694,190.5074106042434,190.72476196289062,28919300
2023-12-27,190.17149315937536,191.16932243864449,188.78834689776542,190.8235321044922,48087700
2023-12-28,191.80161980345068,192.3153607227681,190.8433020640508,191.2483673095703,34049900
2023-12-29,191.56450759639273,192.05848519728596,189.42064661751613,190.2110137939453,42672100
2024-01-02,184.89581391743906,186.17028459685415,181.6750853181039,183.4040069580078,82488700
2024-01-03,182.00113952243032,183.64114905512682,181.22064633789287,182.03077697753906,58414500
2024-01-04,179.95601742530297,180.88469764157387,178.70132528842504,179.7189178466797,71983600
2024-01-05,179.79799818956093,180.5587129492039,177.99991223040004,178.99774169921875,62379700
2024-01-08,179.89677561800764,183.36450834315934,179.313885613353,183.32498168945312,59144500
2024-01-09,181.70474272826013,182.9199235647891,180.52907347198328,182.91004943847656,42841800
2024-01-10,182.12952346414278,184.154819300754,181.70469494439152,183.94735717773438,46792900
2024-01-11,184.293153408918,184.7970202008086,181.40832608034748,183.35459899902344,49128400
2024-01-12,183.818931403084,184.49074873898914,182.95941525310155,183.6806182861328,40477800
2024-01-16,179.96593271976667,182.04062970854807,178.7507369031224,181.41822814941406,65603000
2024-01-17,179.08663943068214,180.72663357001974,178.12832170152117,180.47964477539062,47317400
2024-01-18,183.84857190455077,186.86183815424235,183.59170899023258,186.3579864501953,78005800
2024-01-19,187.0495648712278,189.63800274105876,186.5457131326349,189.25270080566406,68903000
2024-01-22,189.9838116367789,192.97731505960866,189.94428498185601,191.55465698242188,60133900
2024-01-23,192.67105542323813,193.392258603415,191.49538615178406,192.82911682128906,42355600
2024-01-24,193.06620457832125,194.0146482092326,191.999211146671,192.15728759765625,53631300
2024-01-25,192.86863967517039,193.90599578100486,190.78405333725613,191.83128356933594,54822100
2024-01-26,191.93007928184088,192.41416772814074,189.6281416366758,190.10235595703125,44594000
2024-01-29,189.6972652775173,189.8849791703456,187.2965414692382,189.42063903808594,47145600
2024-01-30,188.64019550498801,189.48983770252025,185.21198926058483,185.77511596679688,55859400
2024-01-31,184.7871410441138,184.846431021382,182.12955411744667,182.17893981933594,55467800
2024-02-01,181.77388729281213,184.6982263171025,181.6059367135455,184.60931396484375,64885400
2024-02-02,177.6936236133024,185.07365019396582,177.09097033579843,183.61148071289062,102551700
2024-02-05,185.8837890630235,186.97054595458332,183.6016146657499,185.41944885253906,69668800
2024-02-06,184.60929974417922,187.02978684421677,184.5203873987695,187.01991271972656,43490800
2024-02-07,188.3437817688575,188.74884702540382,186.33823388644547,187.12860107421875,53439000
2024-02-08,187.10883150171134,187.25701874915856,185.09340956143063,186.05172729492188,40962000
2024-02-09,186.61557552858977,187.94113632063826,185.97259122428568,186.8134307861328,45155200
2024-02-12,186.3880527684402,186.63535673641036,184.77562606711913,185.13174438476562,41781900
2024-02-13,183.76664838776776,184.2019058140478,181.53101071537256,183.0445098876953,56529500
2024-02-14,183.32151955824494,183.52924646908957,180.47257259846702,182.16412353515625,54630500
2024-02-15,181.57057328309747,182.50043860227981,179.3943014199978,181.87722778320312,65434500
2024-02-16,181.44199396902647,182.8565806751117,179.71086599707365,180.34396362304688,49752500
2024-02-20,179.82955095197704,180.46264852115328,178.0588611409836,179.60203552246094,53665600
2024-02-21,179.9779444437335,180.91769653606136,178.71174929095213,180.35385131835938,41371400
2024-02-22,181.50132758611662,182.9653779737103,180.49233824441416,182.38172912597656,52292200
2024-02-23,183.01481932952075,183.04449459753943,180.26480046872615,180.5516815185547,45119700
2024-02-26,180.27471486922383,180.78909628027105,178.7018500832812,179.20635986328125,40867400
2024-02-27,179.1470080612827,181.93658908973126,177.62360710096542,180.66050720214844,54318900
2024-02-28,180.54180381169616,181.145226165725,178.18748003378263,179.46356201171875,48953900
2024-02-29,179.31517776545977,180.6011615069905,177.59393659501978,178.80078125,136682600
2024-03-01,177.61370457626955,178.5831318593588,175.46710804516843,177.72251892089844,73563100
2024-03-04,174.25041105183348,174.99232313140854,171.91586043766767,173.2117462158203,81510100
2024-03-05,168.9184826327907,170.18467763470022,167.7907772375202,168.28538513183594,95132400
2024-03-06,169.21526961759642,169.39333632878757,166.86093094295472,167.2961883544922,68587700
2024-03-07,167.32585131213037,168.88881413208614,166.67298033709926,167.17747497558594,71765100
2024-03-08,167.1774852017091,171.82679686006907,167.11813466346086,168.88882446289062,76267000
2024-03-11,171.07502316349817,172.49949666610803,170.19462149789052,170.88706970214844,60139500
2024-03-12,171.28270784938988,172.15322257397557,169.16578666443067,171.36184692382812,59825400
2024-03-13,170.90684419661972,171.3223130850131,168.91851047344855,169.28453063964844,52488700
2024-03-14,171.0453430786352,172.43023944819464,170.19461671040915,171.13436889648438,72913500
2024-03-15,169.3240932528417,170.75845336914062,168.45357838204507,170.75845336914062,121752700
2024-03-18,173.67664359575858,175.79356502758816,171.64874797271588,171.84658813476562,75604200
2024-03-19,172.45991109697533,174.7054356079408,171.1640405724947,174.18115234375,55215200
2024-03-20,173.82502584048726,176.7432098388672,173.2018149693641,176.7432098388672,53423100
2024-03-21,175.14068113790177,175.57593855649498,168.99764365136926,169.5219268798828,106181300
2024-03-22,169.90770741812418,171.18380430580046,168.22604350725265,170.42210388183594,71160100
2024-03-25,168.73057383883838,170.085794876263,167.6226416976105,169.00755310058594,54288300
2024-03-26,168.16668772081567,169.5713723598813,167.7512188918725,167.87982177734375,57388400
2024-03-27,168.57227437363676,171.72787530814264,168.27550660374618,171.4409942626953,60273300
2024-03-28,169.89781453968297,170.37263389978352,168.67118150733492,169.63072204589844,65672700
2024-04-01,169.3438746978549,169.40322523760474,167.65230884379906,168.19638061523438,46240500
2024-04-02,167.25662806803024,167.51381877100314,166.41578850586058,167.0192108154297,49329500
2024-04-03,166.9697540235435,168.83937157047524,166.7620271262386,167.8204803466797,47691700
2024-04-04,168.4535689105981,170.06599565718972,166.9994354248047,166.9994354248047,53704400
2024-04-05,167.76110742740823,168.55248310289795,167.12800990586356,167.751220703125,42104800
2024-04-08,167.20720053340304,167.37536546347715,166.4257264355009,166.63345336914062,37425500
2024-04-09,166.88073030235694,168.24585316442327,166.53451377109624,167.84027099609375,42373800
2024-04-10,166.97967723487736,167.26654325646084,165.30789964547978,165.97067260742188,49709300
2024-04-11,166.52458559261675,173.56781241373886,166.34653399230652,173.15232849121094,91070300
2024-04-12,172.38075949507746,176.43655077441642,172.33131077483722,174.6460723876953,101670900
2024-04-15,173.46888692512982,174.72519524382946,170.6397290741028,170.8276824951172,73531800
2024-04-16,169.8978582518174,171.88617709786888,166.45539059048195,167.5534210205078,73711200
2024-04-17,167.78093187309736,168.8097099054139,166.18829345703125,166.18829345703125,50901200
2024-04-18,166.21794611620325,166.8213684176903,164.75391081370103,165.23861694335938,43122900
2024-04-19,164.41761547732168,164.6055538581374,162.31058034320984,163.2206573486328,68149400
2024-04-22,163.73501821268977,165.45624419964858,162.99310629576294,164.0515594482422,48116400
2024-04-23,163.56688583372357,165.24855016082816,163.14151506780158,165.10015869140625,49537800
2024-04-24,164.74401450706145,167.47426013692973,164.41758653276062,167.19728088378906,48251800
2024-04-25,167.70175828470067,168.77011319134087,166.33663561051003,168.05787658691406,50558300
2024-04-26,168.04800546826704,169.49225225997063,167.35554224826544,167.47425842285156,44838400
2024-04-29,171.50034913417457,174.1316669492416,171.2332717193323,171.6289520263672,68169400
2024-04-30,171.46081207960546,173.1029142716877,168.1667209693098,168.4931640625,65934800
2024-05-01,167.75123767315736,170.84748833564953,167.28630498280754,167.47425842285156,50383100
2024-05-02,170.64962025703286,171.5498103000238,169.04709541575278,171.1640167236328,94214900
2024-05-03,184.637145231003,184.98337684032407,180.69018337477516,181.4024200439453,163224100
2024-05-06,180.383540128798,182.2135806366563,178.47434543693257,179.7504425048828,78569700
2024-05-07,181.47167851231154,182.90603874350563,179.36465862288415,180.43299865722656,77305800
2024-05-08,180.878116710922,181.09574539643793,179.49320552179933,180.76930236816406,45057100
2024-05-09,180.5912561815798,182.66861565405213,180.14611203583203,182.57958984375,48983000
2024-05-10,183.15410154420678,183.34230991411323,180.4102677646858,181.3215789794922,50759500
2024-05-13,183.68902280376187,185.33335221774516,182.8767582325011,184.52108764648438,72044800
2024-05-14,185.73943318211036,186.52198207892377,184.5309518112327,185.66018676757812,52393600
2024-05-15,186.13568203158255,188.849800179078,185.6007724639543,187.9285888671875,70400000
2024-05-16,188.67151097089564,189.29556710780693,187.86916171755817,188.04745483398438,52845200
2024-05-17,187.72056236134898,189.0082902438942,187.3936765447615,188.07716369628906,41282900
2024-05-20,187.54226949481966,190.10781001398533,187.22528381236822,189.23611450195312,44361300
2024-05-21,189.28565540299905,190.91016932460286,189.11726241831752,190.5337677001953,42309400
2024-05-22,190.45453220558076,190.99934196064652,188.47341681604038,189.0974578857422,34648500
2024-05-23,189.1766947549615,189.19651013997458,184.86777806929078,185.11541748046875,51005900
2024-05-24,187.03710655742805,188.78048261582597,186.26445766907554,188.18614196777344,36327000
2024-05-28,189.70168159973719,191.1776178733189,187.31444925751387,188.196044921875,52280100
2024-05-29,187.81963788738682,190.43470949642946,187.72057607583483,188.4932098388672,53068000
2024-05-30,188.9587703074631,190.36536034504638,188.83000809203267,189.4837646484375,49889100
2024-05-31,189.6323431713606,190.7516780595243,188.1167913020161,190.4346923828125,75158300
2024-06-03,191.07854113305333,193.14881785405223,190.7021395503604,192.1978759765625,50080500
2024-06-04,192.80213237542046,193.47571940906454,191.2073340206378,192.51487731933594,47471400
2024-06-05,193.5549597642067,195.04079624688396,193.02996541617088,194.02052307128906,54156800
2024-06-06,193.84225834657178,194.6446077464091,192.3366062580933,192.6436767578125,41181800
2024-06-07,192.81202934049514,195.08041469163098,192.30685040959915,195.0308837890625,53103900
2024-06-10,195.04081589339742,195.43704806418344,190.33566655763516,191.2965087890625,97010200
2024-06-11,191.82148694435384,205.2039307530545,191.80168667352532,205.1940155029297,172373300
2024-06-12,205.41193016487838,218.1207863262847,204.94636687125956,211.05812072753906,198134300
2024-06-13,212.71235034689784,214.70336573665497,209.60200000148347,212.21707153320312,97862700
2024-06-14,211.83072507384176,213.1382530997065,209.3048004538869,210.4835662841797,70122700
2024-06-17,211.35527186274084,216.88258512602053,210.71141546378874,214.62411499023438,93728300
2024-06-18,215.5354294813442,216.5656178731208,210.98877362098574,212.26658630371094,79943300
2024-06-20,211.90997342693947,212.21705896960654,206.87795427864972,207.70010375976562,86172500
2024-06-21,208.40341856791886,209.88925500861833,205.1543907600995,205.5308074951172,241805100
2024-06-24,205.75863496180304,210.69160779538842,204.63929998769706,206.17466735839844,80727000
2024-06-25,207.17514806736853,209.3841027399326,206.64025353103247,207.09591674804688,55549700
2024-06-26,209.5029589171147,212.83123347896796,208.65107866870252,211.23643493652344,66213200
2024-06-27,212.6628097453943,213.70289822966825,210.3449086305272,212.07838439941406,49772700
2024-06-28,213.7326216506115,214.0297919592074,208.31427026634478,208.63124084472656,82542700
2024-07-01,210.0873668962765,215.4561875080808,209.91897391071575,214.703369140625,60402900
2024-07-02,214.109001990837,218.29907118476316,213.06892868617263,218.1901092529297,58046200
2024-07-03,217.92268618597842,219.4580535888672,216.9618440422543,219.4580535888672,37369800
2024-07-05,219.5571168673913,224.311797038918,219.5571168673913,224.2028350830078,60412400
2024-07-08,224.94572057418634,225.69855401964364,221.14198303770854,225.66883850097656,59085900
2024-07-09,225.77780318070188,227.23392416937492,224.23253562897796,226.52072143554688,48076100
2024-07-10,227.1348758928893,230.87918266211804,227.08534498663496,230.78012084960938,62627700
2024-07-11,229.2051258414663,230.19568345608255,223.63819688403007,225.42120361328125,64710600
2024-07-12,226.75846058686048,230.44333633793113,226.52072130415218,228.3631591796875,53046500
2024-07-15,234.2470836578572,234.99000194235262,230.88909361652622,232.1867218017578,62631300
2024-07-16,232.7810305355119,234.03904289009895,230.13624361936286,232.6027374267578,43234300
2024-07-17,227.2834515580279,229.2744821236097,224.49998695797876,226.71884155273438,57345900
2024-07-18,228.10562515807683,228.26411801705945,220.17126344980832,222.06321716308594,66034600
2024-07-19,222.6971648700337,224.65846466815103,221.17169771561296,222.1919708251953,49151500
2024-07-22,224.86646431913928,225.6291978658938,220.98348053112068,221.84527587890625,48201800
2024-07-23,222.25140445670337,224.7971447504236,220.57735968997056,222.88536071777344,39960300
2024-07-24,221.88489130573666,222.67734036905603,215.07976577070053,216.4764404296875,61777600
2024-07-25,216.86279177043605,218.76467587085634,212.59349046705276,215.4364013671875,51391200
2024-07-26,216.6349499920164,217.41749898154802,213.9703475571551,215.90194702148438,41601300
2024-07-29,214.91137828370984,217.22927938341869,213.7127969665886,216.17929077148438,36311800
2024-07-30,217.1203409396055,218.24957609355639,214.07932159795172,216.73402404785156,41643800
2024-07-31,219.34909118598728,221.70662325926872,218.54674189777583,219.98304748535156,50036300
2024-08-01,222.2514024343897,222.36036437427163,214.97081319041698,216.29815673828125,62501000
2024-08-02,217.08069402896655,223.46980270062375,215.65430376795194,217.78399658203125,105568600
2024-08-05,197.21012147966275,211.4840610296135,194.14930192882554,207.29400634765625,119548600
2024-08-06,203.36148541473497,208.00720313955475,199.17143085232243,205.27325439453125,69660500
2024-08-07,204.94637966039352,211.62274392073394,204.4412006806638,207.8388214111328,63516400
2024-08-08,211.0977289070064,212.1774330540979,206.85814362500793,211.29583740234375,47161100
2024-08-09,210.09728825409005,214.7330909034816,209.96851092003678,214.1981964111328,42201600
2024-08-12,214.27752324509848,217.6889728146819,213.81142108338884,215.72540283203125,38028100
2024-08-13,217.19311098226797,220.04922365215182,217.19311098226797,219.4343719482422,44155300
2024-08-14,218.7402072098891,221.17979111862692,217.8774142480331,219.8806610107422,41960600
2024-08-15,222.73678951211636,223.4805677293667,220.91204211865187,222.8557891845703,46414000
2024-08-16,222.0624088054674,224.94827173921567,221.7946444270254,224.17474365234375,44340200
2024-08-19,223.84746435464618,224.11522871504155,221.18968933533225,224.01605224609375,40687800
2024-08-20,223.8970689622142,225.28544883578485,223.57971634413767,224.63092041015625,30299000
2024-08-21,224.64083485973637,226.08871448701353,223.1830285060583,224.52182006835938,34765500
2024-08-22,225.9003243494308,226.44576476142115,222.0425950823824,222.66737365722656,43695300
2024-08-23,223.78797197411373,226.32673228874265,222.46900358067504,224.9581756591797,38677300
2024-08-26,224.8788199493514,225.39451032680955,222.0326339780686,225.2953338623047,30602200
2024-08-27,224.12514736512034,226.95151036486342,223.02435510684418,226.1383056640625,35934600
2024-08-28,226.02921369079436,227.95312221094204,223.80779089178384,224.611083984375,38052200
2024-08-29,228.1911537968638,230.98775191089825,226.9812734022471,227.8837127685547,51906300
2024-08-30,228.28038060324323,228.4886300006117,225.59285569982603,227.10025024414062,52990800
2024-09-03,226.65400042223428,227.10026429068756,219.335218503661,220.9219512939453,50190600
2024-09-04,219.821176613538,219.9401762860646,215.6758448114514,219.0178985595703,43840200
2024-09-05,219.79140861107143,223.60946073514918,219.6823205428289,220.53518676757812,36615400
2024-09-06,222.09216799264019,223.3714749735505,217.94685141211724,218.98814392089844,48423000
2024-09-09,218.98812757352732,219.4343914347755,214.91222272734436,219.07737731933594,67180000
2024-09-10,217.1038662465979,219.6426263973432,214.93203178151688,218.28399658203125,51591000
2024-09-11,219.6228241682371,221.2392917639212,216.08243282408242,220.8128662109375,44587100
2024-09-12,220.6541869199912,221.69547936785247,217.9964268983011,220.9219512939453,37455600
2024-09-13,221.72521710949164,222.18139254741286,220.06907298412548,220.6541748046875,36766600
2024-09-16,214.7436126542421,215.41797935337752,212.14535259122513,214.52545166015625,59357400
2024-09-17,213.96018092212807,215.1006346980314,212.72055067344832,214.99154663085938,45519300
2024-09-18,215.7452565018275,220.86245391858552,215.7353297749969,218.8592071533203,59894900
2024-09-19,223.12352684243388,227.91345980340301,222.7665127356472,226.97132873535156,66781300
2024-09-20,228.0622053540531,231.1563174701668,225.73169454082358,226.306884765625,318679900
2024-09-23,225.4540253555904,227.54652178723228,223.9367191660146,224.59124755859375,54146000
2024-09-24,226.75316007712865,227.44736512534206,223.85738561877668,225.48377990722656,43556100
2024-09-25,223.06402418257602,225.40444676008957,222.1615848378298,224.49208068847656,42308700
2024-09-26,225.41436171300208,226.60440369502516,223.54004142995942,225.63253784179688,36636700
2024-09-27,226.56473891662026,227.61594290444046,225.41435845997736,225.90028381347656,34026000
2024-09-30,228.13164162372897,231.0670928955078,227.7448775670891,231.0670928955078,54541900
2024-10-01,227.615942887257,227.74485413807125,221.88389405688537,224.33340454101562,63285000
2024-10-02,224.0160654907427,225.48378349827837,221.16987922367838,224.898681640625,32880600
2024-10-03,223.2722952944607,224.92843958391967,221.46740141968138,223.7978973388672,34044200
2024-10-04,226.00938361911108,226.10856009308668,222.27066963907552,224.91851806640625,37245100
2024-10-07,222.63759275105315,223.81772316941647,219.49389225502094,219.8509063720703,39505400
2024-10-08,222.43925780658088,224.10531361949606,221.3979653574062,223.89706420898438,31855700
2024-10-09,223.36154504729694,227.84405251552317,222.96486939830248,227.6357879638672,33591100
2024-10-10,225.89039642732237,227.59612897487835,225.28545621996582,227.1399383544922,28183500
2024-10-11,227.39779019694814,227.5068782710055,225.45404318616428,225.6623077392578,31759200
2024-10-14,226.80274288926017,229.8076053434174,226.70358155060512,229.3811798095703,39882100
2024-10-15,231.67201972311165,235.51983687729248,230.44230106244424,231.9100341796875,64751400
2024-10-16,229.67870875165642,230.19438406287304,227.9332995992129,229.85720825195312,34082200
2024-10-17,231.4934859003546,231.91001494787182,228.6076384062416,230.22410583496094,32993800
2024-10-18,234.2206950473064,234.2206950473064,232.0686987091599,233.0504913330078,46431500
2024-10-21,232.5050303027995,234.8851292946414,232.5050303027995,234.5181884765625,36254500
2024-10-22,231.9496772340994,234.26034966164363,230.67038557078126,233.90333557128906,38846600
2024-10-23,232.13812257917175,233.18932661738793,225.87054472777703,228.8456573486328,52287000
2024-10-24,228.07212485007065,228.90516786821388,226.51515714412935,228.65724182128906,31109500
2024-10-25,227.83413589840254,231.28526239164006,227.6655479946858,229.4902801513672,38802300
2024-10-28,231.38440684709022,232.78269812140084,230.620790456467,231.46372985839844,36087100
2024-10-29,231.1662428522856,232.38603471678388,230.39271482775456,231.73150634765625,35417200
2024-10-30,230.68028814227299,231.5331542618632,227.64567605904836,228.1911163330078,47070900
2024-10-31,227.43742665071557,227.92336713292326,223.5003599556127,224.035888671875,64370100
2024-11-01,219.13688241025088,223.4805517303345,218.44269248362247,221.060791015625,65276700
2024-11-04,219.1567312107691,220.94178678396568,217.88735096075072,220.1682586669922,44944500
2024-11-05,219.9599923572388,222.09215031274817,219.3054639601429,221.59629821777344,28111300
2024-11-06,220.76325691115125,224.19455985797964,219.3550388628842,220.87234497070312,54561100
2024-11-07,222.7665321945981,225.9895710313294,222.70703236030374,225.59288024902344,42137700
2024-11-08,225.53329235935942,227.01256271730918,224.77877343219782,225.32481384277344,38328800
2024-11-11,223.37892800863307,224.07388164377818,219.90414468405433,222.61447143554688,42005600
2024-11-12,222.9321731823864,223.96467356190874,221.75074442821315,222.61447143554688,40398300
2024-11-13,222.39607398240116,225.0170530189228,221.15507983350162,223.49807739257812,48566200
2024-11-14,223.3987876531247,227.2210402122622,223.3789275067786,226.5757293701172,44923900
2024-11-15,224.76882873863602,225.28508648780175,222.65418524957263,223.37892150878906,47923700
2024-11-18,223.62713486361545,228.08479108540536,223.54770942404784,226.37718200683594,44633700
2024-11-19,225.34464764897942,228.5017442258817,225.02696106605572,226.63528442382812,36211800
2024-11-20,226.4168829534927,228.27340522879027,224.26251907255318,227.35011291503906,35169600
2024-11-21,227.230987838277,228.50176458087773,224.0838286281757,226.8735809326172,42108300
2024-11-22,226.4168797117104,229.05771868234922,226.4168797117104,228.21383666992188,38168300
2024-11-25,229.79240040372403,231.5694972757357,228.08479132337303,231.19223022460938,90152800
2024-11-26,231.6489234928732,233.87279036398945,231.6489234928732,233.366455078125,45986200
2024-11-27,232.78071887838198,233.99193037541463,232.125470334311,233.23739624023438,33498400
2024-11-29,233.11825362062933,236.0966394139658,232.28430923421996,235.62010192871094,28481400
2024-12-02,235.5605381566453,239.0551666028684,235.45133007089746,237.8638153076172,48137100
2024-12-03,238.08224409194108,241.01098726633802,237.1787967118795,240.9017791748047,38861000
2024-12-04,241.12019505186365,242.35126670496282,239.5118714775545,241.25918579101562,44383900
2024-12-05,242.2321233137982,242.77814859306412,240.38552350615552,241.28895568847656,40033900
2024-12-06,241.15989600483465,242.86750503393802,240.33587413565135,241.09039306640625,36870600
2024-12-09,240.08767817050534,245.45870413211114,240.0082527322972,244.97222900390625,44649200
2024-12-10,245.11121388943334,246.4217108653419,243.57237825215392,245.98487854003906,36914800
2024-12-11,246.17353693536344,248.99307203962232,244.48577275361333,244.71412658691406,45205800
2024-12-12,245.11122473397327,246.9479020514793,243.9099357862414,246.17352294921875,32777500
2024-12-13,246.0345058191798,247.49390077927876,244.46588763578848,246.34226989746094,33155300
2024-12-16,246.20329464964811,249.56886987487528,245.86573275817128,249.23130798339844,51694800
2024-12-17,248.2782345553336,252.0012166921119,247.98039295462073,251.6537322998047,51356400
2024-12-18,250.34325221557475,252.44797328398425,245.95509905753715,246.2628631591797,56774100
2024-12-19,245.71681628677703,250.18439476471843,245.30976661195103,247.9903106689453,60882300
2024-12-20,246.25295201238012,253.1628143156686,243.91989202858784,252.656494140625,147495300
2024-12-23,252.93446477293034,253.80811434244586,251.6239676953758,253.4308624267578,40858800
2024-12-24,253.64930053302467,256.34969006633503,253.4507293352449,256.33978271484375,23234700
2024-12-26,256.32980188696064,258.2260444048055,255.77383898408218,257.15380859375,27237100
2024-12-27,255.9724022209019,256.8361595932908,251.23677948504655,253.74855041503906,42355300
2024-12-30,250.41271721299594,251.67357129905236,248.94338462815534,250.3829345703125,35557500
2024-12-31,250.6212497119267,251.4551941340452,247.63292614272083,248.6157989501953,39480700
2025-01-02,247.13651085819407,247.30529937932678,240.07775127221439,242.09312438964844,55740700
2025-01-03,241.6066436767578,242.42072787413275,240.14723350152744,241.6066436767578,40244100
2025-01-06,242.54980162717402,245.54804748087855,241.4477983095151,243.23483276367188,45045600
2025-01-07,241.22939201717418,243.78088314896328,239.61114601786818,240.46495056152344,40856000
2025-01-08,240.17703689438372,241.9541489627904,238.32051453305579,240.951416015625,37628900
2025-01-10,238.28079154222544,238.4297199246896,231.32130202918376,235.14356994628906,61710900
2025-01-13,231.84750029737077,232.97928640713008,228.06495238182922,232.7112274169922,49630700
2025-01-14,233.05869925952226,234.41882398797216,230.79512716232853,231.5992889404297,39435300
2025-01-15,232.94946471611047,237.2383472440859,232.74097105897866,236.15618896484375,39832000
2025-01-16,235.6399687194268,236.29520209930612,226.3871093224655,226.61544799804688,71759100
2025-01-17,230.44764042021458,230.6164138035219,226.833866130533,228.32305908203125,68488300
2025-01-21,222.38612124582832,222.80309340530198,217.79941234276583,221.03591918945312,98070400
2025-01-22,218.20644519467228,222.50525012711904,218.20644519467228,222.21734619140625,64126500
2025-01-23,223.12083531174778,225.3943300272927,220.69841220245485,222.04861450195312,60234800
2025-01-24,223.160517277336,224.00439930767484,219.81480209957203,221.1749267578125,54697900
2025-01-27,222.40601266103107,230.47742834163907,222.36629236472388,228.2039337158203,94863400
2025-01-28,229.1867797612423,238.4594833656038,229.14705946957608,236.5433807373047,75707600
2025-01-29,232.43321505583046,238.1318651456976,232.3240069742682,237.63546752929688,45486100
2025-01-30,236.95044029141235,239.05516137192973,235.50096771104396,235.8782196044922,55658300
2025-01-31,245.4090800423025,245.4090800423025,231.7581442550369,234.29969787597656,100959800
2025-02-03,228.33297872450572,230.15971829856622,224.0738787357251,226.3672332763672,73063300
2025-02-04,225.61273982041166,231.45038123633566,225.01705656002386,231.1227569580078,45067300
2025-02-05,226.88350440739822,230.99367626573292,226.625383087866,230.7951202392578,39620300
2025-02-06,229.62361584180033,232.11554171369926,228.7698112868805,231.5397186279297,29925300
2025-02-07,230.92419948813392,232.31410688860944,225.622660920367,225.99000549316406,39707200
2025-02-10,228.16662274990708,229.18037646801733,225.8111004860379,226.2583465576172,33115600
2025-02-11,226.8049592810601,233.7919821040532,226.7353950927951,231.19793701171875,53718400
2025-02-12,229.7866449882993,235.5114431570428,229.2698195612854,235.42198181152344,45243300
2025-02-13,235.4617298072221,240.85852795215618,234.1299251101732,240.05348205566406,53614100
2025-02-14,239.77517912233392,244.04889519264196,239.51677402617887,243.10470581054688,40896200
2025-02-18,242.6574585849239,243.6811607859394,240.36158248040348,242.9755096435547,48822500
2025-02-19,243.16435439309654,244.50609250836237,241.6735241546838,243.37306213378906,32204200
2025-02-20,243.4426355672204,245.27138364211797,242.7966000469895,244.3271942138672,32316900
2025-02-21,244.44645306890683,247.1697083342209,243.72091995824803,244.0489044189453,53197400
2025-02-24,243.43268408373555,247.33866705271078,242.92580728065096,245.5894317626953,51326400
2025-02-25,246.48392314447185,248.4716967182176,243.41281661275679,245.52978515625,48013300
2025-02-26,242.83637220684057,243.48239258336395,237.66816369812489,238.89064025878906,44433600
2025-02-27,237.94645181292123,240.9778097055873,235.61081167459415,235.84934997558594,41153600
2025-02-28,235.50146657809572,240.61004395755495,228.79273089598732,240.361572265625,56833400
2025-03-03,240.31186830369816,242.53818006191796,234.66659889731284,236.57485961914062,47184000
2025-03-04,236.25683384188991,238.60240725621293,233.24534293735957,234.48770141601562,53798100
2025-03-05,233.98083809185871,235.1039350742086,227.82867612475383,234.29888916015625,47227600
2025-03-06,233.00682927336524,236.4059203890797,231.73465535282332,233.89138793945312,45170400
2025-03-07,233.67273718007357,239.89446338205195,233.32487071745646,237.60853576660156,46273600
2025-03-10,234.10009611136832,234.71631625547707,222.84930513729455,226.08937072753906,72071200
2025-03-11,222.4418047589131,224.4593937721428,216.1206840338927,219.48995971679688,76137400
2025-03-12,218.7942660196618,220.39442456790263,213.5962416730392,215.65357971191406,62547500
2025-03-13,214.62983690242842,215.51439548794804,207.14587101812543,208.39816284179688,61368300
2025-03-14,209.95857893569573,212.64207016591416,208.29878985935505,212.1848907470703,60107600
2025-03-17,212.00598815128762,213.904315554563,208.6864099217596,212.6917724609375,48073400
2025-03-18,212.85081593904235,213.83475423543342,210.19713981325924,211.38980102539062,42432400
2025-03-19,212.91045595477615,217.42269587202972,212.44332789190165,213.92422485351562,54385400
2025-03-20,212.6818553101102,216.16045933121794,210.92267131595005,212.7911834716797,48862900
2025-03-21,210.26669685360034,217.5021918152461,209.9884097524224,216.93568420410156,94127800
2025-03-24,219.64898417718916,220.1260455978378,217.24377992596973,219.38063049316406,44299500
2025-03-25,219.42039321145907,222.7300380772677,218.73460889257407,222.38217163085938,34493600
2025-03-26,222.1436270366165,223.64440576884627,219.12221792138408,220.1757354736328,34466100
2025-03-27,220.03659916949772,223.61459773398053,219.21167130142226,222.4815673828125,37094800
2025-03-28,220.31490521146458,222.44182255065115,216.34929105853038,216.5679473876953,39818600
2025-03-31,215.683368745432,224.24073468961828,214.90813825561798,220.77207946777344,65299300
2025-04-01,218.46626491168394,222.31260214779184,217.5618242432653,221.8256072998047,36412700
2025-04-02,219.96705040499884,223.81338775742097,219.66888130946384,222.52133178710938,35905900
2025-04-03,204.2835010267849,206.22159255986557,200.01973301812973,201.9478759765625,103419000
2025-04-04,192.7047355778497,198.658123727335,186.19477317599058,187.22842407226562,125910900
2025-04-07,176.11672557211514,192.96310261722135,173.5524959881376,180.35069274902344,160466300
2025-04-08,185.55866963100107,189.17641711488596,168.175598539417,171.365966796875,120859500
2025-04-09,170.89882177160354,199.383619356675,170.8391909937331,197.63438415527344,184395900
2025-04-10,187.9141823452429,193.58926741380884,181.88128226075605,189.25592041015625,121880000
2025-04-11,184.96235041538483,198.32017705332044,184.92258644836306,196.9386749267578,87435900
2025-04-14,210.14742002868311,211.63825017625834,199.93026529720834,201.28195190429688,101352900
2025-04-15,200.6259945192588,202.26590170954893,198.57859009217825,200.90428161621094,51343900
2025-04-16,197.1473909296092,199.47308245703653,191.19400339685228,193.0823974609375,59732400
2025-04-17,195.9944894564487,197.61452992177487,193.2314851467638,195.7758331298828,52164700
2025-04-21,192.08851517151226,192.6152739871965,188.64966000796989,191.97918701171875,46742500
2025-04-22,194.92108593270402,200.3576482646354,194.77200897005906,198.5189666748047,52976400
2025-04-23,204.74067860292737,206.7284521815966,201.56024391015845,203.3492431640625,52929200
2025-04-24,203.6374845300284,207.5534013078127,201.69940812530302,207.09620666503906,47311000
2025-04-25,205.10842646651815,208.46776890662989,204.9394675201618,208.00064086914062,38222300
2025-04-28,208.71623364812058,210.2070638884643,206.1917677806294,208.85537719726562,38743100
2025-04-29,207.4142395090872,210.94254069563792,207.09618845243054,209.91883850097656,36827600
2025-04-30,208.02053835450616,212.27437321950518,205.40661086468026,211.2009735107422,52286500
2025-05-01,207.80187477964563,213.2483707428857,207.62296725165953,212.01596069335938,57365700
2025-05-02,204.83013207172814,205.72463931330321,200.92416412992952,204.09466552734375,101010600
2025-05-05,201.85843431656065,202.8523212109494,196.99832800962005,197.67416381835938,69018500
2025-05-06,196.99832434112832,199.42339557924856,195.81559653234874,197.29647827148438,51216500
2025-05-07,197.9524407308952,198.2207944248892,192.0686324392914,195.05029296875,68536700
2025-05-08,196.51128929096475,198.82704723676696,193.4898650803139,196.28269958496094,50478900
2025-05-09,197.78348851905432,199.3140676367793,196.33240700583877,197.3163604736328,36453900
2025-05-12,209.95526516858178,210.2538252478288,205.75556156059073,209.776123046875,63775800
2025-05-13,209.4178625594749,212.3735786127325,207.99474788922345,211.9058380126953,51909300
2025-05-14,211.40824098508043,212.91098786371114,209.56714827780408,211.30873107910156,49325800
2025-05-15,209.9353730316401,211.93571508448807,208.53215118256114,210.43296813964844,45029500
2025-05-16,211.33859654598928,211.54759317457453,208.76105751069144,210.24388122558594,54737900
2025-05-19,206.90999202317107,208.47243269467637,203.2775387890809,207.7758026123047,46140500
2025-05-20,206.67113760639387,207.46729276724128,204.04383620537516,205.8650360107422,42496600
2025-05-21,204.1831685508297,206.04416933851562,199.74462882701684,201.11798095703125,59211800
2025-05-22,199.7446272097534,201.77480849030061,198.7394754118135,200.39149475097656,46742400
2025-05-23,192.73846975457602,196.74908474491085,192.52948833207407,194.33078002929688,78432900
2025-05-27,197.34620772495165,199.77447409530296,196.48038197740732,199.2470245361328,56288500
2025-05-28,199.6251894151235,201.75489573800118,198.9385057789635,199.4560089111328,45339700
2025-05-29,202.60081106845576,202.8297005493605,197.55518975609246,198.98826599121094,51396800
2025-05-30,198.4110493394953,200.98860329086406,195.83351057352263,199.88394165039062,70819900
2025-06-02,199.31669015009302,201.15779807678393,199.15745607510846,200.7298583984375,35423300
2025-06-03,200.38153417950807,202.78989241693247,199.99341064507593,202.29229736328125,46381600
2025-06-04,201.9340306292736,205.24801554678163,201.1279290627925,201.84446716308594,43604000
2025-06-05,202.52119947175674,203.76518718349973,199.18730633012683,199.66500854492188,55126100
2025-06-06,202.0236053289331,204.7106157617459,201.07817770068002,202.93917846679688,46607700
2025-06-09,203.40692547634254,205.0091823144686,199.05794913802782,200.48106384277344,72862600
2025-06-10,199.63513956616538,203.36710243054736,199.60528507808198,201.69517517089844,54672600
2025-06-11,202.5211970741936,203.51638723180633,197.45568281643992,197.8238983154297,60989900
2025-06-12,198.12246436103902,198.71956936233477,196.4107360236097,198.24188232421875,43904600
2025-06-13,198.769334334526,199.40625545491926,194.7587190445596,195.50511169433594,51447300
2025-06-16,196.35101387226533,197.73432753277095,195.61456771612566,197.4656219482422,43020700
2025-06-17,196.25149936947125,197.4357781067605,194.27108064091922,194.69900512695312,38856200
2025-06-18,194.9975546383106,196.6197193940347,194.13174409281177,195.6344757080078,45394700
2025-06-20,197.28651411005004,200.72986375748766,195.9131467510872,200.03323364257812,96813500
2025-06-23,200.6602023375907,201.3269779408771,198.00304635957568,200.53082275390625,55814300
2025-06-24,201.61555699715424,202.4614746491071,199.23705328583006,199.33657836914062,54064000
2025-06-25,200.4810436177515,202.6903668657116,199.65503400834336,200.59051513671875,39525700
2025-06-26,200.461158146952,201.66534499125092,198.5006473897771,200.03323364257812,50799100
2025-06-27,200.91894034324127,202.24254507531293,199.03803155248616,200.1128387451172,73188600
2025-06-30,201.03834688076608,206.39247448465787,198.30157410241034,204.1831512451172,91912800
2025-07-01,205.67592638082795,209.17899961843958,205.1484768676989,206.82040405273438,78788900
2025-07-02,207.9051626163094,212.31384736812728,207.1388620051612,211.41818237304688,67941800
2025-07-03,211.12959751601144,213.61757304735917,210.79123648824356,212.5228729248047,34955800
2025-07-07,211.65703516300363,215.18996325511674,207.79570768244494,208.94017028808594,50229000
2025-07-08,209.08947184941582,210.41306148236814,207.44739887083225,208.99989318847656,42848900
2025-07-09,208.52217876921287,210.3135239719546,206.22329208627588,210.1244354248047,48749400
2025-07-10,209.49746585002458,212.45318170934252,209.01977884626095,211.38833618164062,44443600
2025-07-11,209.55718962168862,211.1096837700706,208.85059795908091,210.14434814453125,39765800
2025-07-14,208.92025854176603,209.89555581124029,206.54175471753558,207.61656188964844,38840100
2025-07-15,208.2137043224775,210.8708604550018,207.915144211828,208.10423278808594,42296300
2025-07-16,209.28849593835915,211.37838618562168,207.63647661047767,209.149169921875,47490500
2025-07-17,209.5571995447156,210.78127919114968,208.58190225319882,209.0098419189453,48068100
2025-07-18,209.85575432940058,210.77132749863404,208.6913836081342,210.1642608642578,48974600
2025-07-21,211.07983063398711,214.74212298846783,210.61209006251647,211.45799255371094,51377400
2025-07-22,212.11484021935428,213.91613206526756,211.20921348603295,213.3687744140625,46404100
2025-07-23,213.96588230147148,214.11515474984876,211.38834345684663,213.11996459960938,46989300
2025-07-24,212.87116805528336,214.65256693634578,212.50295255730364,212.73184204101562,46022600
2025-07-25,213.6673206036272,214.2047317845148,212.37357038101962,212.8512725830078,40268800
2025-07-28,213.00055398053098,213.81661722083774,212.03521828670327,213.0204620361328,37858000
2025-07-29,213.14982178903043,213.7767964509494,209.80599741985404,210.2538299560547,51411700
2025-07-30,210.88077731884883,211.36842593737322,206.72088996610802,208.04449462890625,45512500
2025-07-31,207.48719786288635,208.83069544134486,206.16359315375274,206.57162475585938,80698400
2025-08-01,209.8557561748323,212.5527283441607,200.530828701964,201.40660095214844,104434500
2025-08-04,203.52634207300898,206.88014336875773,200.70995198839026,202.37193298339844,75109300
2025-08-05,202.42165671427045,204.35232790405936,201.18763073057525,201.9439697265625,44155100
2025-08-06,204.6409599471833,214.3440641251077,204.60114383647723,212.22430419921875,108483100
2025-08-07,217.8272171299369,219.78774287041324,215.5382768294147,218.9716796875,90224800
2025-08-08,219.76784743364436,229.88892965735022,218.19544514014734,228.2468719482422,113854000
2025-08-11,227.08116933177635,228.71513292468896,223.9327956372812,226.34388732910156,61806100
2025-08-12,227.17081559543826,229.95055565919736,226.23428798669784,228.80477905273438,55626200
2025-08-13,230.2195756343437,234.1351043372746,229.58191650034667,232.47125244140625,69878500
2025-08-14,233.1985666998313,234.25466305951576,230.0003892485326,231.92327880859375,51916300
2025-08-15,233.1387895567921,233.417757832359,228.49593650929467,230.73765563964844,56038700
2025-08-18,230.8472538899505,232.26202593201924,229.26310933608104,230.0402374267578,37476200
2025-08-19,230.42880766374827,232.0129522601839,228.50591803460907,229.71145629882812,39402600
2025-08-20,229.13358225147155,229.6217843388592,224.93908515924198,225.17819213867188,42263900
2025-08-21,225.43723377620466,225.6863136691638,222.95639256938466,224.072265625,30621200
2025-08-22,225.33759321802492,228.2468445109381,224.5803958248437,226.92173767089844,42477800
2025-08-25,225.6464693442017,228.45609804536198,225.3973894325087,226.323974609375,30983100
2025-08-26,226.03502689374838,228.6453946309622,223.86305742355088,228.46604919433594,54575100
2025-08-27,227.76862267507164,230.05018785299507,227.41990473660533,229.64170837402344,31259500
2025-08-28,229.9704999102399,232.55096405412047,228.4959359400532,231.70408630371094,38074700
2025-08-29,231.65426265633033,232.52107103838586,230.51845893056873,231.28562927246094,39418400
2025-09-02,228.4062708029861,230.00038826150748,226.1346633063032,228.87454223632812,44075600
2025-09-03,236.33698891571112,237.9709525201245,233.49747185558658,237.59234619140625,66427800
2025-09-04,237.57241502764154,239.01707546456905,235.86871695735925,238.89752197265625,47549400
2025-09-05,239.11668743272676,240.43183651086895,237.61225041390915,238.80783081054688,54870400
2025-09-08,238.41927329094256,239.2661357937392,235.4701607098454,237.00450134277344,48999500
2025-09-09,236.12774389612645,237.90119155812317,232.5011411802574,233.4875030517578,66313900
2025-09-10,231.33547301291114,231.56462228661692,225.11843262708078,225.95533752441406,83440800
2025-09-11,226.04499474029723,229.60184779162614,225.81583028738913,229.1833953857422,50208600
2025-09-12,228.37638560886936,233.6469097348115,228.17712472443904,233.2085418701172,55824200
2025-09-15,236.12775635652346,237.31337916896246,234.16500543557729,235.828857421875,42699500
2025-09-16,236.30708253667353,240.33222235518573,235.45026224943368,237.2735137939453,63421100
2025-09-17,238.09051246512186,239.21635855568803,236.85507060288438,238.11044311523438,46508000
2025-09-18,239.0868055705458,240.31227437025743,235.77901734043184,237.00450134277344,44249600
2025-09-19,240.342162048153,245.3935094903633,239.32592704772566,244.59645080566406,163741300
2025-09-22,247.38616206443075,255.69547916115815,247.2068166293636,255.13751220703125,105517400
2025-09-23,254.9382669065294,256.3928850249964,252.64672876089196,253.49359130859375,60275200
2025-09-24,254.2807025242173,254.79879299943292,250.11607847800005,251.38140869140625,42303700
2025-09-25,252.27811828759639,256.2235509944071,250.78363873545524,255.9246368408203,55202100
2025-09-26,253.16481067495934,256.6519291955366,252.84598111295833,254.51980590820312,46076300
2025-09-29,253.62311772285494,254.06150078407975,252.07881928540593,253.49359130859375,40127700
2025-09-30,253.92202035086734,254.97811672142575,252.17846100632588,253.69287109375,37704300
2025-10-01,254.10136246357334,257.8375764362911,253.99176669154556,254.50985717773438,48713900
2025-10-02,255.63566078088252,257.229778167004,253.21461153357077,256.18365478515625,42630200
2025-10-03,253.73271197999827,258.2858846694617,253.01536064819075,257.07037353515625,49155600
2025-10-06,257.0404883747525,258.1165305885388,254.1113214696764,255.7452850341797,44664100
2025-10-07,255.86482860124664,256.45265350411205,254.48990271764998,255.5360565185547,31955800
2025-10-08,255.57591915435188,257.5685585594684,255.16742442767125,257.1102600097656,36496900
2025-10-09,256.8611554198282,257.0504585775582,252.2083446799687,253.1050262451172,38322000
2025-10-10,254.00171816056968,255.436420799504,243.10197943699816,244.3673095703125,61999100
2025-10-13,248.46217548947354,248.77103211910116,244.6562274921306,246.74850463867188,38142900
2025-10-14,245.69241642712313,247.93413549962378,243.79940008876653,246.8581085205078,35478000
2025-10-15,248.57178982967116,250.89321639065437,246.559219921403,248.42233276367188,33893600
2025-10-16,247.33635013275978,248.1234359576197,244.22783772705108,246.53929138183594,39777000
2025-10-17,247.10719170360767,252.44746537322095,246.35995200283696,251.36146545410156,49147000
2025-10-20,254.94822099113512,263.4069798400544,254.68918336894043,261.27484130859375,90483000
2025-10-21,260.91620875530236,264.3136625920602,260.86637452698056,261.80291748046875,46695900
2025-10-22,261.6833338430701,261.882609922878,254.4899051977633,257.4988098144531,45015300
2025-10-23,258.98332466328685,259.6608147081683,257.0604350924048,258.6246337890625,32754900
2025-10-24,260.2287163700197,263.15789839957887,258.22610426270086,261.85272216796875,38253700
2025-10-27,263.90514984178776,268.1295353654346,263.67598537979285,267.8206787109375,44888200
2025-10-28,268.00000632210845,268.89671830922975,267.1631014853557,268.0099792480469,41534800
2025-10-29,268.28892986747474,270.4110953948544,266.1269030442272,268.7073974609375,51086700
2025-10-30,270.98894793982623,273.1310593223432,267.49188695276854,270.401123046875,69886500
2025-10-31,275.9705701844509,276.29937269597025,268.16940070155243,269.37493896484375,86167100
2025-11-03,269.424736694289,269.8531467885877,265.2700709373508,268.05975341796875,50194600
2025-11-04,267.3424445625432,270.49081837885313,266.6350661079627,269.0461730957031,49274800
2025-11-05,267.6214146886098,270.7000692568828,265.94760492323326,269.14581298828125,43683100
2025-11-06,266.90407480138714,272.3937751745226,266.90407480138714,268.7771301269531,51204000
2025-11-07,268.80702532983145,271.2878818962731,265.7881780523408,267.48193359375,48227400
2025-11-10,268.22988302493957,272.9869540449525,266.7339548671466,268.6986083984375,41312400
2025-11-11,269.07757258136417,275.16101963639426,269.0675899882029,274.5028076171875,46208300
2025-11-12,274.2535066981436,274.9815360542478,270.9624767916609,272.7276611328125,48398000
2025-11-13,273.36590026791555,275.9488963676571,271.3513946141157,272.2090759277344,49602800
2025-11-14,270.31417782757546,275.21085247368256,268.8681323529343,271.6705017089844,47431300
2025-11-17,268.09027174019775,269.7557213346742,265.00866346949266,266.73394775390625,45018300
2025-11-18,269.2570854665072,269.9751321987233,264.59977951795884,266.7140197753906,45677300
2025-11-19,264.80918960656476,271.47104873805114,264.77927226211665,267.8309631347656,40424500
2025-11-20,270.09480618650156,274.68232536305425,265.1981613886433,265.5272521972656,45823600
2025-11-21,265.2280517805383,272.5879921198442,264.9488130991126,270.75299072265625,59030800
2025-11-24,270.16459800357205,276.24804478801667,270.16459800357205,275.1709899902344,65585800
2025-11-25,274.52277261748515,279.6189174225992,274.50283786370125,276.2181701660156,46914200
2025-11-26,276.2081750495132,278.7712060098946,275.8790842359358,276.79656982421875,33431400
2025-11-28,276.50736791500816,278.242634823177,275.2407959413455,278.0930480957031,20135600
2025-12-01,277.2553332443013,282.65065109438723,275.3904143522869,282.3315124511719,46587700
2025-12-02,282.231773534172,286.619823290159,281.86278279875575,285.4131164550781,53669500
2025-12-03,285.4231155973949,287.8365294074879,282.5309633672564,283.378662109375,43538700
2025-12-04,283.3287830094401,283.95707766942763,277.83373081751637,279.9380187988281,43989100
2025-12-05,279.77845592816414,280.37683325787106,277.2951945750906,278.0232238769531,47265800
2025-12-08,277.374989388386,278.9108174051644,275.4003533668138,277.1356506347656,38211800
2025-12-09,277.4049018876359,279.26982065807096,276.16827776921565,276.42755126953125,32193300
2025-12-10,276.9960211276047,278.9905919368044,275.68957968235776,278.0232238769531,33038300
2025-12-11,278.34237127554803,278.8310314000742,273.0667227973629,277.2752685546875,33248000
2025-12-12,277.14562382282355,278.4620479370953,276.0685689150702,277.52459716796875,39532900
2025-12-15,279.3894873363706,279.3894873363706,272.0993337942639,273.3658752441406,50409100
2025-12-16,272.07941349564567,274.752131096348,271.0522107383373,273.8645324707031,37648600
2025-12-17,274.2634587890498,275.41033087528734,270.9026119684932,271.10205078125,50138700
2025-12-18,272.8672697170699,272.88723490520505,266.22537510199504,271.4511413574219,51630700
2025-12-19,271.4112306527045,273.8545921928022,269.1673383776201,272.9271240234375,144632000
2025-12-22,272.1192896847017,273.13654030849926,269.7756932559407,270.23443603515625,36571800
2025-12-23,270.1048034873943,271.7603010837797,268.8282792538215,271.62066650390625,29642000
2025-12-24,271.60070067851706,274.6823088952694,271.46109654935304,273.06671142578125,17910600
2025-12-26,273.41578359787746,274.6224904749486,272.11929424741834,272.6578369140625,21521800
2025-12-29,271.9497734782625,273.61522314661676,271.6107000753325,273.0168762207031,23715200
2025-12-30,272.0694584675055,273.3360001129787,271.54089836280934,272.3387145996094,22139600
2025-12-31,272.3187639976345,272.9370761103812,271.0123224859311,271.12200927734375,27293600
